Y1, Z1, Y2, Z2
16.2,18.70614872,21.6,18.70614872
16.2,18.70614872,13.5,23.3826859
18.9,23.3826859,16.2,18.70614872
21.6,18.70614872,18.9,23.3826859
18.9,14.02961154,21.6,18.70614872
16.2,18.70614872,18.9,14.02961154
18.9,23.3826859,13.5,23.3826859
25.3,23.3826859,18.9,23.3826859
24.3,14.02961154,21.6,18.70614872
21.6,28.05922308,18.9,23.3826859
18.9,23.3826859,16.2,28.05922308
10.8,18.70614872,16.2,18.70614872
16.2,18.70614872,13.5,14.02961154
16.2,28.05922308,13.5,23.3826859
27,18.70614872,21.6,18.70614872
21.6,18.70614872,25.3,23.3826859
18.9,14.02961154,16.2,9.353074361
13.5,14.02961154,18.9,14.02961154
21.6,9.353074361,18.9,14.02961154
18.9,14.02961154,24.3,14.02961154
10.8,28.05922308,13.5,23.3826859
25.3,23.3826859,21.6,28.05922308
27,18.70614872,25.3,23.3826859
10.8,18.70614872,8.1,23.3826859
8.1,23.3826859,13.5,23.3826859
13.5,23.3826859,10.8,18.70614872
29.7,23.3826859,25.3,23.3826859
25.3,23.3826859,27,28.05922308
24.3,14.02961154,27,18.70614872
16.2,28.05922308,18.9,32.73576026
21.6,28.05922308,16.2,28.05922308
27,28.05922308,21.6,28.05922308
13.5,14.02961154,8.1,14.02961154
10.8,18.70614872,13.5,14.02961154
29.7,14.02961154,27,18.70614872
21.6,9.353074361,24.3,14.02961154
10.8,9.353074361,13.5,14.02961154
13.5,14.02961154,16.2,9.353074361
27,9.353074361,24.3,14.02961154
24.3,14.02961154,29.7,14.02961154
10.8,28.05922308,13.5,32.73576026
13.5,32.73576026,16.2,28.05922308
16.2,28.05922308,10.8,28.05922308
24.3,32.73576026,21.6,28.05922308
21.6,28.05922308,18.9,32.73576026
5.4,18.70614872,10.8,18.70614872
10.8,18.70614872,8.1,14.02961154
10.8,28.05922308,8.1,23.3826859
29.7,23.3826859,32.4,18.70614872
32.4,18.70614872,27,18.70614872
27,18.70614872,29.7,23.3826859
29.7,23.3826859,27,28.05922308
21.6,9.353074361,18.9,4.67653718
16.2,9.353074361,21.6,9.353074361
10.8,9.353074361,16.2,9.353074361
5.4,28.05922308,8.1,23.3826859
32.4,28.05922308,27,28.05922308
13.5,4.67653718,16.2,9.353074361
16.2,9.353074361,18.9,4.67653718
8.1,14.02961154,10.8,9.353074361
27,9.353074361,24.3,4.67653718
24.3,4.67653718,21.6,9.353074361
21.6,9.353074361,27,9.353074361
8.1,32.73576026,10.8,28.05922308
10.8,28.05922308,5.4,28.05922308
29.7,32.73576026,27,28.05922308
27,28.05922308,24.3,32.73576026
5.4,18.70614872,2.7,23.3826859
2.7,23.3826859,8.1,23.3826859
8.1,23.3826859,5.4,18.70614872
8.1,32.73576026,5.4,28.05922308
32.4,28.05922308,35.1,23.3826859
35.1,23.3826859,29.7,23.3826859
29.7,23.3826859,32.4,28.05922308
29.7,14.02961154,32.4,9.353074361
27,9.353074361,29.7,14.02961154
13.5,32.73576026,16.2,37.41229744
18.9,32.73576026,13.5,32.73576026
24.3,32.73576026,18.9,32.73576026
29.7,32.73576026,24.3,32.73576026
21.6,37.41229744,18.9,32.73576026
18.9,32.73576026,16.2,37.41229744
5.4,9.353074361,10.8,9.353074361
5.4,18.70614872,8.1,14.02961154
35.1,14.02961154,29.7,14.02961154
29.7,14.02961154,32.4,18.70614872
2.7,14.02961154,8.1,14.02961154
8.1,14.02961154,5.4,9.353074361
35.1,14.02961154,32.4,18.70614872
8.1,4.67653718,10.8,9.353074361
10.8,9.353074361,13.5,4.67653718
2.7,14.02961154,5.4,9.353074361
32.4,9.353074361,29.7,4.67653718
29.7,4.67653718,27,9.353074361
27,9.353074361,32.4,9.353074361
10.8,37.41229744,13.5,32.73576026
13.5,32.73576026,8.1,32.73576026
27,37.41229744,24.3,32.73576026
24.3,32.73576026,21.6,37.41229744
32.4,28.05922308,29.7,32.73576026
37.8,18.70614872,32.4,18.70614872
32.4,18.70614872,35.1,23.3826859
0,18.70614872,5.4,18.70614872
5.4,18.70614872,2.7,14.02961154
2.7,32.73576026,5.4,28.05922308
10.8,37.41229744,8.1,32.73576026
24.3,4.67653718,21.6,0
18.9,4.67653718,24.3,4.67653718
13.5,4.67653718,18.9,4.67653718
8.1,4.67653718,13.5,4.67653718
16.2,0,18.9,4.67653718
18.9,4.67653718,21.6,0
0,28.05922308,5.4,28.05922308
5.4,28.05922308,2.7,23.3826859
35.1,32.73576026,29.7,32.73576026
37.8,18.70614872,35.1,23.3826859
37.8,28.05922308,32.4,28.05922308
32.4,28.05922308,35.1,32.73576026
0,28.05922308,2.7,23.3826859
10.8,0,13.5,4.67653718
13.5,4.67653718,16.2,0
29.7,4.67653718,27,0
27,0,24.3,4.67653718
24.3,4.67653718,29.7,4.67653718
16.2,37.41229744,18.9,42.08883462
21.6,37.41229744,16.2,37.41229744
27,37.41229744,21.6,37.41229744
2.7,32.73576026,5.4,37.41229744
5.4,37.41229744,8.1,32.73576026
8.1,32.73576026,2.7,32.73576026
13.5,42.08883462,16.2,37.41229744
16.2,37.41229744,10.8,37.41229744
27,37.41229744,32.4,37.41229744
32.4,37.41229744,29.7,32.73576026
29.7,32.73576026,27,37.41229744
35.1,14.02961154,37.8,9.353074361
32.4,9.353074361,35.1,14.02961154
5.4,9.353074361,8.1,4.67653718
0,9.353074361,5.4,9.353074361
5.4,9.353074361,2.7,4.67653718
0,18.70614872,2.7,14.02961154
0,18.70614872,-2.700000000000003,23.3826859
-2.700000000000003,23.3826859,2.7,23.3826859
2.7,23.3826859,0,18.70614872
2.7,32.73576026,0,28.05922308
37.8,28.05922308,40.5,23.3826859
40.5,23.3826859,35.1,23.3826859
35.1,23.3826859,37.8,28.05922308
40.5,14.02961154,35.1,14.02961154
35.1,14.02961154,37.8,18.70614872
13.5,42.08883462,10.8,37.41229744
24.3,42.08883462,21.6,37.41229744
21.6,37.41229744,18.9,42.08883462
2.7,4.67653718,8.1,4.67653718
35.1,4.67653718,32.4,9.353074361
32.4,9.353074361,37.8,9.353074361
40.5,14.02961154,37.8,18.70614872
35.1,4.67653718,37.8,9.353074361
0,9.353074361,-2.700000000000003,14.02961154
-2.700000000000003,14.02961154,2.7,14.02961154
2.7,14.02961154,0,9.353074361
5.4,0,8.1,4.67653718
8.1,4.67653718,10.8,0
0,9.353074361,2.7,4.67653718
32.4,0,29.7,4.67653718
29.7,4.67653718,35.1,4.67653718
8.1,42.08883462,10.8,37.41229744
10.8,37.41229744,5.4,37.41229744
29.7,42.08883462,27,37.41229744
27,37.41229744,24.3,42.08883462
-5.400000000000006,18.70614872,0,18.70614872
0,18.70614872,-2.700000000000003,14.02961154
-2.700000000000003,32.73576026,0,28.05922308
40.5,23.3826859,43.2,18.70614872
43.2,18.70614872,37.8,18.70614872
37.8,18.70614872,40.5,23.3826859
40.5,4.67653718,37.8,9.353074361
37.8,28.05922308,35.1,32.73576026
21.6,0,18.9,-4.676537179999997
16.2,0,21.6,0
10.8,0,16.2,0
5.4,0,10.8,0
24.3,-4.676537179999997,21.6,0
21.6,0,27,0
35.1,32.73576026,32.4,37.41229744
40.5,32.73576026,35.1,32.73576026
35.1,32.73576026,37.8,37.41229744
-5.400000000000006,28.05922308,0,28.05922308
0,28.05922308,-2.700000000000003,23.3826859
8.1,42.08883462,5.4,37.41229744
24.3,-4.676537179999997,27,0
13.5,-4.676537179999997,16.2,0
16.2,0,18.9,-4.676537179999997
0,37.41229744,2.7,32.73576026
2.7,32.73576026,-2.700000000000003,32.73576026
37.8,37.41229744,32.4,37.41229744
-5.400000000000006,28.05922308,-2.700000000000003,23.3826859
0,37.41229744,-2.700000000000003,32.73576026
40.5,32.73576026,43.2,28.05922308
43.2,28.05922308,37.8,28.05922308
37.8,28.05922308,40.5,32.73576026
18.9,42.08883462,21.6,46.7653718
24.3,42.08883462,18.9,42.08883462
29.7,42.08883462,24.3,42.08883462
16.2,46.7653718,18.9,42.08883462
18.9,42.08883462,13.5,42.08883462
16.2,46.7653718,13.5,42.08883462
-2.700000000000003,4.67653718,2.7,4.67653718
-5.400000000000006,18.70614872,-2.700000000000003,14.02961154
43.2,9.353074361,37.8,9.353074361
37.8,9.353074361,40.5,14.02961154
32.4,0,35.1,4.67653718
-5.400000000000006,9.353074361,0,9.353074361
0,9.353074361,-2.700000000000003,4.67653718
43.2,9.353074361,40.5,14.02961154
32.4,0,29.7,-4.676537179999997
29.7,-4.676537179999997,27,0
27,0,32.4,0
8.1,-4.676537179999997,10.8,0
10.8,0,13.5,-4.676537179999997
0,0,2.7,4.67653718
2.7,4.67653718,5.4,0
2.7,42.08883462,5.4,37.41229744
5.4,37.41229744,0,37.41229744
10.8,46.7653718,13.5,42.08883462
13.5,42.08883462,8.1,42.08883462
29.7,42.08883462,35.1,42.08883462
35.1,42.08883462,32.4,37.41229744
32.4,37.41229744,29.7,42.08883462
40.5,32.73576026,37.8,37.41229744
-5.400000000000006,18.70614872,-8.100000000000001,23.3826859
-8.100000000000001,23.3826859,-2.700000000000003,23.3826859
-2.700000000000003,23.3826859,-5.400000000000006,18.70614872
43.2,28.05922308,45.900000000000006,23.3826859
45.900000000000006,23.3826859,40.5,23.3826859
40.5,23.3826859,43.2,28.05922308
45.900000000000006,14.02961154,40.5,14.02961154
40.5,14.02961154,43.2,18.70614872
10.8,46.7653718,8.1,42.08883462
27,46.7653718,24.3,42.08883462
24.3,42.08883462,21.6,46.7653718
0,0,5.4,0
37.8,0,35.1,4.67653718
35.1,4.67653718,40.5,4.67653718
-5.400000000000006,9.353074361,-8.100000000000001,14.02961154
-8.100000000000001,14.02961154,-2.700000000000003,14.02961154
-2.700000000000003,14.02961154,-5.400000000000006,9.353074361
45.900000000000006,14.02961154,43.2,18.70614872
40.5,4.67653718,43.2,9.353074361
24.3,-4.676537179999997,21.6,-9.353074359999994
18.9,-4.676537179999997,24.3,-4.676537179999997
13.5,-4.676537179999997,18.9,-4.676537179999997
8.1,-4.676537179999997,13.5,-4.676537179999997
16.2,-9.353074359999994,18.9,-4.676537179999997
18.9,-4.676537179999997,21.6,-9.353074359999994
8.1,-4.676537179999997,2.7,-4.676537179999997
2.7,-4.676537179999997,5.4,0
5.4,0,8.1,-4.676537179999997
37.8,0,40.5,4.67653718
37.8,0,35.1,-4.676537179999997
35.1,-4.676537179999997,32.4,0
32.4,0,37.8,0
27,-9.353074359999994,24.3,-4.676537179999997
24.3,-4.676537179999997,29.7,-4.676537179999997
32.4,46.7653718,29.7,42.08883462
29.7,42.08883462,27,46.7653718
5.4,46.7653718,8.1,42.08883462
8.1,42.08883462,2.7,42.08883462
-2.700000000000003,32.73576026,-5.400000000000006,28.05922308
-5.400000000000006,37.41229744,-2.700000000000003,32.73576026
-2.700000000000003,32.73576026,-8.100000000000001,32.73576026
2.7,42.08883462,0,37.41229744
5.4,46.7653718,2.7,42.08883462
37.8,37.41229744,35.1,42.08883462
43.2,37.41229744,37.8,37.41229744
37.8,37.41229744,40.5,42.08883462
-8.100000000000001,32.73576026,-5.400000000000006,28.05922308
45.900000000000006,32.73576026,40.5,32.73576026
40.5,32.73576026,43.2,37.41229744
-8.100000000000001,14.02961154,-10.800000000000004,18.70614872
-10.800000000000004,18.70614872,-5.400000000000006,18.70614872
-5.400000000000006,18.70614872,-8.100000000000001,14.02961154
-10.800000000000004,28.05922308,-5.400000000000006,28.05922308
-5.400000000000006,28.05922308,-8.100000000000001,23.3826859
45.900000000000006,23.3826859,48.6,18.70614872
48.6,18.70614872,43.2,18.70614872
43.2,18.70614872,45.900000000000006,23.3826859
10.8,-9.353074359999994,13.5,-4.676537179999997
13.5,-4.676537179999997,16.2,-9.353074359999994
27,-9.353074359999994,29.7,-4.676537179999997
-2.700000000000003,42.08883462,0,37.41229744
0,37.41229744,-5.400000000000006,37.41229744
40.5,42.08883462,35.1,42.08883462
48.6,28.05922308,43.2,28.05922308
43.2,28.05922308,45.900000000000006,32.73576026
-10.800000000000004,28.05922308,-8.100000000000001,23.3826859
-5.400000000000006,37.41229744,-8.100000000000001,32.73576026
16.2,46.7653718,18.9,51.441908979999994
21.6,46.7653718,16.2,46.7653718
27,46.7653718,21.6,46.7653718
32.4,46.7653718,27,46.7653718
13.5,51.441908979999994,16.2,46.7653718
16.2,46.7653718,10.8,46.7653718
-5.400000000000006,0,-2.700000000000003,4.67653718
-2.700000000000003,4.67653718,0,0
-2.700000000000003,4.67653718,-8.100000000000001,4.67653718
-5.400000000000006,9.353074361,-2.700000000000003,4.67653718
43.2,9.353074361,45.900000000000006,14.02961154
45.900000000000006,4.67653718,43.2,9.353074361
43.2,9.353074361,48.6,9.353074361
24.3,51.441908979999994,21.6,46.7653718
21.6,46.7653718,18.9,51.441908979999994
37.8,46.7653718,35.1,42.08883462
35.1,42.08883462,32.4,46.7653718
10.8,46.7653718,5.4,46.7653718
13.5,51.441908979999994,10.8,46.7653718
10.8,46.7653718,8.1,51.441908979999994
43.2,0,40.5,4.67653718
40.5,4.67653718,45.900000000000006,4.67653718
0,0,2.7,-4.676537179999997
-5.400000000000006,0,0,0
0,0,-2.700000000000003,-4.676537179999997
-10.800000000000004,9.353074361,-5.400000000000006,9.353074361
-5.400000000000006,9.353074361,-8.100000000000001,4.67653718
48.6,9.353074361,45.900000000000006,14.02961154
32.4,-9.353074359999994,29.7,-4.676537179999997
29.7,-4.676537179999997,35.1,-4.676537179999997
32.4,-9.353074359999994,35.1,-4.676537179999997
5.4,-9.353074359999994,8.1,-4.676537179999997
8.1,-4.676537179999997,10.8,-9.353074359999994
0,46.7653718,2.7,42.08883462
2.7,42.08883462,-2.700000000000003,42.08883462
37.8,46.7653718,32.4,46.7653718
-10.800000000000004,18.70614872,-13.500000000000004,23.3826859
-13.500000000000004,23.3826859,-8.100000000000001,23.3826859
-8.100000000000001,23.3826859,-10.800000000000004,18.70614872
-10.800000000000004,37.41229744,-8.100000000000001,32.73576026
48.6,28.05922308,51.300000000000004,23.3826859
51.300000000000004,23.3826859,45.900000000000006,23.3826859
45.900000000000006,23.3826859,48.6,28.05922308
51.300000000000004,14.02961154,45.900000000000006,14.02961154
45.900000000000006,14.02961154,48.6,18.70614872
8.1,51.441908979999994,5.4,46.7653718
29.7,51.441908979999994,27,46.7653718
27,46.7653718,24.3,51.441908979999994
40.5,-4.676537179999997,37.8,0
37.8,0,43.2,0
-2.700000000000003,-4.676537179999997,2.7,-4.676537179999997
51.300000000000004,14.02961154,48.6,18.70614872
-10.800000000000004,9.353074361,-13.500000000000004,14.02961154
-13.500000000000004,14.02961154,-8.100000000000001,14.02961154
-8.100000000000001,14.02961154,-10.800000000000004,9.353074361
-10.800000000000004,9.353074361,-8.100000000000001,4.67653718
16.2,-9.353074359999994,21.6,-9.353074359999994
10.8,-9.353074359999994,16.2,-9.353074359999994
5.4,-9.353074359999994,10.8,-9.353074359999994
18.9,-14.029611539999998,21.6,-9.353074359999994
24.3,-14.029611539999998,21.6,-9.353074359999994
21.6,-9.353074359999994,27,-9.353074359999994
-13.500000000000004,32.73576026,-8.100000000000001,32.73576026
-8.100000000000001,32.73576026,-10.800000000000004,28.05922308
-2.700000000000003,42.08883462,-5.400000000000006,37.41229744
0,46.7653718,-2.700000000000003,42.08883462
45.900000000000006,32.73576026,43.2,37.41229744
48.6,28.05922308,45.900000000000006,32.73576026
48.6,37.41229744,43.2,37.41229744
45.900000000000006,42.08883462,43.2,37.41229744
43.2,37.41229744,40.5,42.08883462
27,-9.353074359999994,32.4,-9.353074359999994
24.3,-14.029611539999998,27,-9.353074359999994
27,-9.353074359999994,29.7,-14.029611539999998
13.5,-14.029611539999998,16.2,-9.353074359999994
16.2,-9.353074359999994,18.9,-14.029611539999998
0,-9.353074359999994,2.7,-4.676537179999997
2.7,-4.676537179999997,5.4,-9.353074359999994
-8.100000000000001,42.08883462,-5.400000000000006,37.41229744
-5.400000000000006,37.41229744,-10.800000000000004,37.41229744
2.7,51.441908979999994,5.4,46.7653718
5.4,46.7653718,0,46.7653718
40.5,42.08883462,37.8,46.7653718
45.900000000000006,42.08883462,40.5,42.08883462
40.5,42.08883462,43.2,46.7653718
48.6,37.41229744,51.300000000000004,32.73576026
51.300000000000004,32.73576026,45.900000000000006,32.73576026
45.900000000000006,32.73576026,48.6,37.41229744
-13.500000000000004,32.73576026,-10.800000000000004,28.05922308
37.8,-9.353074359999994,35.1,-4.676537179999997
35.1,-4.676537179999997,40.5,-4.676537179999997
2.7,51.441908979999994,0,46.7653718
0,-9.353074359999994,5.4,-9.353074359999994
35.1,51.441908979999994,32.4,46.7653718
32.4,46.7653718,29.7,51.441908979999994
51.300000000000004,23.3826859,54,18.70614872
54,18.70614872,48.6,18.70614872
48.6,18.70614872,51.300000000000004,23.3826859
-16.200000000000003,18.70614872,-10.800000000000004,18.70614872
-10.800000000000004,18.70614872,-13.500000000000004,14.02961154
-16.200000000000003,28.05922308,-10.800000000000004,28.05922308
-10.800000000000004,28.05922308,-13.500000000000004,23.3826859
8.1,-14.029611539999998,10.8,-9.353074359999994
10.8,-9.353074359999994,13.5,-14.029611539999998
29.7,-14.029611539999998,32.4,-9.353074359999994
18.9,51.441908979999994,13.5,51.441908979999994
24.3,51.441908979999994,18.9,51.441908979999994
29.7,51.441908979999994,24.3,51.441908979999994
35.1,51.441908979999994,29.7,51.441908979999994
16.2,56.118446160999994,13.5,51.441908979999994
10.8,56.118446160999994,13.5,51.441908979999994
13.5,51.441908979999994,8.1,51.441908979999994
21.6,56.118446160999994,18.9,51.441908979999994
18.9,51.441908979999994,16.2,56.118446160999994
43.2,46.7653718,37.8,46.7653718
-8.100000000000001,42.08883462,-5.400000000000006,46.7653718
-5.400000000000006,46.7653718,-2.700000000000003,42.08883462
-2.700000000000003,42.08883462,-8.100000000000001,42.08883462
-5.400000000000006,0,-10.800000000000004,0
-8.100000000000001,4.67653718,-5.400000000000006,0
-16.200000000000003,18.70614872,-13.500000000000004,14.02961154
-8.100000000000001,-4.676537179999997,-5.400000000000006,0
-5.400000000000006,0,-2.700000000000003,-4.676537179999997
45.900000000000006,4.67653718,48.6,0
43.2,0,45.900000000000006,4.67653718
40.5,-4.676537179999997,43.2,0
37.8,-9.353074359999994,40.5,-4.676537179999997
51.300000000000004,4.67653718,45.900000000000006,4.67653718
45.900000000000006,4.67653718,48.6,9.353074361
51.300000000000004,4.67653718,48.6,9.353074361
-13.500000000000004,4.67653718,-8.100000000000001,4.67653718
-8.100000000000001,4.67653718,-10.800000000000004,0
54,9.353074361,48.6,9.353074361
48.6,9.353074361,51.300000000000004,14.02961154
-16.200000000000003,28.05922308,-13.500000000000004,23.3826859
54,28.05922308,48.6,28.05922308
48.6,28.05922308,51.300000000000004,32.73576026
8.1,51.441908979999994,2.7,51.441908979999994
10.8,56.118446160999994,8.1,51.441908979999994
8.1,51.441908979999994,5.4,56.118446160999994
27,56.118446160999994,24.3,51.441908979999994
24.3,51.441908979999994,21.6,56.118446160999994
40.5,51.441908979999994,37.8,46.7653718
37.8,46.7653718,35.1,51.441908979999994
-2.700000000000003,-4.676537179999997,0,-9.353074359999994
-8.100000000000001,-4.676537179999997,-2.700000000000003,-4.676537179999997
-2.700000000000003,-4.676537179999997,-5.400000000000006,-9.353074359999994
48.6,0,45.900000000000006,-4.676537179999997
45.900000000000006,-4.676537179999997,43.2,0
43.2,0,48.6,0
35.1,-14.029611539999998,32.4,-9.353074359999994
32.4,-9.353074359999994,37.8,-9.353074359999994
-16.200000000000003,9.353074361,-10.800000000000004,9.353074361
-10.800000000000004,9.353074361,-13.500000000000004,4.67653718
54,9.353074361,51.300000000000004,14.02961154
-16.200000000000003,18.70614872,-17.900000000000002,23.3826859
-17.900000000000002,23.3826859,-13.500000000000004,23.3826859
-13.500000000000004,23.3826859,-16.200000000000003,18.70614872
2.7,-14.029611539999998,5.4,-9.353074359999994
5.4,-9.353074359999994,8.1,-14.029611539999998
35.1,-14.029611539999998,37.8,-9.353074359999994
-2.700000000000003,51.441908979999994,0,46.7653718
0,46.7653718,-5.400000000000006,46.7653718
40.5,51.441908979999994,35.1,51.441908979999994
54,28.05922308,56.7,23.3826859
56.7,23.3826859,51.300000000000004,23.3826859
51.300000000000004,23.3826859,54,28.05922308
56.7,14.02961154,51.300000000000004,14.02961154
51.300000000000004,14.02961154,54,18.70614872
-5.400000000000006,-9.353074359999994,0,-9.353074359999994
43.2,-9.353074359999994,40.5,-4.676537179999997
40.5,-4.676537179999997,45.900000000000006,-4.676537179999997
32.4,56.118446160999994,29.7,51.441908979999994
29.7,51.441908979999994,27,56.118446160999994
5.4,56.118446160999994,2.7,51.441908979999994
-16.200000000000003,9.353074361,-18.900000000000002,14.02961154
-18.900000000000002,14.02961154,-13.500000000000004,14.02961154
-13.500000000000004,14.02961154,-16.200000000000003,9.353074361
56.7,14.02961154,54,18.70614872
18.9,-14.029611539999998,16.2,-18.706148719999998
13.5,-14.029611539999998,18.9,-14.029611539999998
8.1,-14.029611539999998,13.5,-14.029611539999998
2.7,-14.029611539999998,8.1,-14.029611539999998
21.6,-18.706148719999998,18.9,-14.029611539999998
18.9,-14.029611539999998,24.3,-14.029611539999998
21.6,-18.706148719999998,24.3,-14.029611539999998
27,-18.706148719999998,24.3,-14.029611539999998
24.3,-14.029611539999998,29.7,-14.029611539999998
45.900000000000006,42.08883462,51.300000000000004,42.08883462
48.6,37.41229744,45.900000000000006,42.08883462
54,28.05922308,51.300000000000004,32.73576026
48.6,46.7653718,45.900000000000006,42.08883462
45.900000000000006,42.08883462,43.2,46.7653718
-16.200000000000003,37.41229744,-10.800000000000004,37.41229744
-10.800000000000004,37.41229744,-13.500000000000004,32.73576026
-10.800000000000004,37.41229744,-13.500000000000004,42.08883462
-8.100000000000001,42.08883462,-10.800000000000004,37.41229744
-2.700000000000003,51.441908979999994,-5.400000000000006,46.7653718
-16.200000000000003,37.41229744,-13.500000000000004,32.73576026
-18.900000000000002,32.73576026,-13.500000000000004,32.73576026
-13.500000000000004,32.73576026,-16.200000000000003,28.05922308
54,37.41229744,48.6,37.41229744
48.6,37.41229744,51.300000000000004,42.08883462
10.8,-18.706148719999998,13.5,-14.029611539999998
13.5,-14.029611539999998,16.2,-18.706148719999998
27,-18.706148719999998,29.7,-14.029611539999998
48.6,46.7653718,43.2,46.7653718
45.900000000000006,51.441908979999994,43.2,46.7653718
43.2,46.7653718,40.5,51.441908979999994
-10.800000000000004,46.7653718,-8.100000000000001,42.08883462
-8.100000000000001,42.08883462,-13.500000000000004,42.08883462
0,56.118446160999994,2.7,51.441908979999994
2.7,51.441908979999994,-2.700000000000003,51.441908979999994
-16.200000000000003,28.05922308,-17.900000000000002,23.3826859
-18.900000000000002,32.73576026,-16.200000000000003,28.05922308
-16.200000000000003,28.05922308,-21.6,28.05922308
54,37.41229744,56.7,32.73576026
56.7,32.73576026,51.300000000000004,32.73576026
51.300000000000004,32.73576026,54,37.41229744
16.2,56.118446160999994,18.9,60.794983339999995
21.6,56.118446160999994,16.2,56.118446160999994
27,56.118446160999994,21.6,56.118446160999994
32.4,56.118446160999994,27,56.118446160999994
13.5,60.794983339999995,16.2,56.118446160999994
16.2,56.118446160999994,10.8,56.118446160999994
43.2,-9.353074359999994,40.5,-14.029611539999998
40.5,-14.029611539999998,37.8,-9.353074359999994
37.8,-9.353074359999994,43.2,-9.353074359999994
32.4,-18.706148719999998,29.7,-14.029611539999998
29.7,-14.029611539999998,35.1,-14.029611539999998
2.7,-14.029611539999998,-2.700000000000003,-14.029611539999998
-2.700000000000003,-14.029611539999998,0,-9.353074359999994
0,-9.353074359999994,2.7,-14.029611539999998
-13.500000000000004,-4.676537179999997,-10.800000000000004,0
-10.800000000000004,0,-8.100000000000001,-4.676537179999997
0,56.118446160999994,-2.700000000000003,51.441908979999994
13.5,60.794983339999995,10.8,56.118446160999994
32.4,56.118446160999994,37.8,56.118446160999994
37.8,56.118446160999994,35.1,51.441908979999994
35.1,51.441908979999994,32.4,56.118446160999994
56.7,4.67653718,51.300000000000004,4.67653718
51.300000000000004,4.67653718,54,9.353074361
51.300000000000004,4.67653718,54,0
48.6,0,51.300000000000004,4.67653718
43.2,-9.353074359999994,45.900000000000006,-4.676537179999997
-10.800000000000004,0,-16.200000000000003,0
-13.500000000000004,4.67653718,-10.800000000000004,0
-16.200000000000003,9.353074361,-13.500000000000004,4.67653718
-13.500000000000004,-4.676537179999997,-8.100000000000001,-4.676537179999997
-18.900000000000002,14.02961154,-21.6,18.70614872
-21.6,18.70614872,-16.200000000000003,18.70614872
-16.200000000000003,18.70614872,-18.900000000000002,14.02961154
56.7,23.3826859,59.400000000000006,18.70614872
59.400000000000006,18.70614872,54,18.70614872
54,18.70614872,56.7,23.3826859
56.7,4.67653718,54,9.353074361
24.3,60.794983339999995,21.6,56.118446160999994
21.6,56.118446160999994,18.9,60.794983339999995
8.1,60.794983339999995,10.8,56.118446160999994
10.8,56.118446160999994,5.4,56.118446160999994
-10.800000000000004,-9.353074359999994,-8.100000000000001,-4.676537179999997
-8.100000000000001,-4.676537179999997,-5.400000000000006,-9.353074359999994
51.300000000000004,-4.676537179999997,48.6,0
48.6,0,54,0
-18.900000000000002,4.67653718,-13.500000000000004,4.67653718
-13.500000000000004,4.67653718,-16.200000000000003,0
59.400000000000006,9.353074361,54,9.353074361
54,9.353074361,56.7,14.02961154
51.300000000000004,-4.676537179999997,54,0
5.4,-18.706148719999998,8.1,-14.029611539999998
8.1,-14.029611539999998,10.8,-18.706148719999998
32.4,-18.706148719999998,35.1,-14.029611539999998
-8.100000000000001,51.441908979999994,-5.400000000000006,46.7653718
-5.400000000000006,46.7653718,-10.800000000000004,46.7653718
45.900000000000006,51.441908979999994,40.5,51.441908979999994
-21.6,28.05922308,-17.900000000000002,23.3826859
-13.500000000000004,42.08883462,-16.200000000000003,37.41229744
56.7,32.73576026,59.400000000000006,28.05922308
59.400000000000006,28.05922308,54,28.05922308
54,28.05922308,56.7,32.73576026
8.1,60.794983339999995,5.4,56.118446160999994
29.7,60.794983339999995,27,56.118446160999994
27,56.118446160999994,24.3,60.794983339999995
48.6,-9.353074359999994,45.900000000000006,-4.676537179999997
45.900000000000006,-4.676537179999997,51.300000000000004,-4.676537179999997
-10.800000000000004,-9.353074359999994,-5.400000000000006,-9.353074359999994
-21.6,9.353074361,-16.200000000000003,9.353074361
-16.200000000000003,9.353074361,-18.900000000000002,4.67653718
59.400000000000006,9.353074361,56.7,14.02961154
0,-18.706148719999998,2.7,-14.029611539999998
2.7,-14.029611539999998,5.4,-18.706148719999998
-8.100000000000001,-14.029611539999998,-5.400000000000006,-9.353074359999994
-5.400000000000006,-9.353074359999994,-2.700000000000003,-14.029611539999998
37.8,-18.706148719999998,35.1,-14.029611539999998
35.1,-14.029611539999998,40.5,-14.029611539999998
37.8,-18.706148719999998,40.5,-14.029611539999998
-5.400000000000006,56.118446160999994,-2.700000000000003,51.441908979999994
-2.700000000000003,51.441908979999994,-8.100000000000001,51.441908979999994
2.7,60.794983339999995,5.4,56.118446160999994
5.4,56.118446160999994,0,56.118446160999994
-5.400000000000006,56.118446160999994,-8.100000000000001,51.441908979999994
-8.100000000000001,51.441908979999994,-10.800000000000004,46.7653718
-10.800000000000004,46.7653718,-13.500000000000004,42.08883462
-18.900000000000002,42.08883462,-16.200000000000003,37.41229744
37.8,56.118446160999994,43.2,56.118446160999994
43.2,56.118446160999994,40.5,51.441908979999994
40.5,51.441908979999994,37.8,56.118446160999994
54,46.7653718,51.300000000000004,42.08883462
51.300000000000004,42.08883462,48.6,46.7653718
51.300000000000004,42.08883462,56.7,42.08883462
54,37.41229744,51.300000000000004,42.08883462
62.1,23.3826859,56.7,23.3826859
56.7,23.3826859,59.400000000000006,28.05922308
62.1,14.02961154,56.7,14.02961154
56.7,14.02961154,59.400000000000006,18.70614872
62.1,23.3826859,59.400000000000006,28.05922308
-21.6,18.70614872,-24.300000000000004,23.3826859
-24.300000000000004,23.3826859,-17.900000000000002,23.3826859
-17.900000000000002,23.3826859,-21.6,18.70614872
-21.6,37.41229744,-16.200000000000003,37.41229744
-16.200000000000003,37.41229744,-18.900000000000002,32.73576026
16.2,-18.706148719999998,21.6,-18.706148719999998
10.8,-18.706148719999998,16.2,-18.706148719999998
5.4,-18.706148719999998,10.8,-18.706148719999998
0,-18.706148719999998,5.4,-18.706148719999998
18.9,-23.3826859,21.6,-18.706148719999998
25.3,-23.3826859,21.6,-18.706148719999998
21.6,-18.706148719999998,27,-18.706148719999998
25.3,-23.3826859,27,-18.706148719999998
2.7,60.794983339999995,0,56.118446160999994
35.1,60.794983339999995,32.4,56.118446160999994
32.4,56.118446160999994,29.7,60.794983339999995
-8.100000000000001,-14.029611539999998,-2.700000000000003,-14.029611539999998
-13.500000000000004,-4.676537179999997,-18.900000000000002,-4.676537179999997
-16.200000000000003,0,-13.500000000000004,-4.676537179999997
48.6,-9.353074359999994,45.900000000000006,-14.029611539999998
45.900000000000006,-14.029611539999998,43.2,-9.353074359999994
43.2,-9.353074359999994,48.6,-9.353074359999994
48.6,-9.353074359999994,51.300000000000004,-4.676537179999997
-21.6,37.41229744,-18.900000000000002,32.73576026
54,46.7653718,48.6,46.7653718
-21.6,9.353074361,-24.300000000000004,14.02961154
-24.300000000000004,14.02961154,-18.900000000000002,14.02961154
-18.900000000000002,14.02961154,-21.6,9.353074361
-21.6,9.353074361,-18.900000000000002,4.67653718
62.1,14.02961154,59.400000000000006,18.70614872
54,0,56.7,4.67653718
13.5,-23.3826859,16.2,-18.706148719999998
16.2,-18.706148719999998,18.9,-23.3826859
51.300000000000004,51.441908979999994,48.6,46.7653718
48.6,46.7653718,45.900000000000006,51.441908979999994
-16.200000000000003,46.7653718,-13.500000000000004,42.08883462
-13.500000000000004,42.08883462,-18.900000000000002,42.08883462
-24.300000000000004,32.73576026,-18.900000000000002,32.73576026
-18.900000000000002,32.73576026,-21.6,28.05922308
59.400000000000006,37.41229744,54,37.41229744
54,37.41229744,56.7,42.08883462
29.7,-23.3826859,27,-18.706148719999998
27,-18.706148719999998,32.4,-18.706148719999998
8.1,-23.3826859,10.8,-18.706148719999998
10.8,-18.706148719999998,13.5,-23.3826859
-5.400000000000006,-18.706148719999998,-2.700000000000003,-14.029611539999998
-2.700000000000003,-14.029611539999998,0,-18.706148719999998
32.4,-18.706148719999998,37.8,-18.706148719999998
29.7,-23.3826859,32.4,-18.706148719999998
32.4,-18.706148719999998,35.1,-23.3826859
51.300000000000004,51.441908979999994,45.900000000000006,51.441908979999994
56.7,42.08883462,54,46.7653718
59.400000000000006,37.41229744,56.7,42.08883462
-13.500000000000004,51.441908979999994,-10.800000000000004,46.7653718
-10.800000000000004,46.7653718,-16.200000000000003,46.7653718
62.1,32.73576026,56.7,32.73576026
56.7,32.73576026,59.400000000000006,37.41229744
-24.300000000000004,32.73576026,-21.6,28.05922308
24.3,60.794983339999995,18.9,60.794983339999995
29.7,60.794983339999995,24.3,60.794983339999995
35.1,60.794983339999995,29.7,60.794983339999995
21.6,65.47152052,18.9,60.794983339999995
16.2,65.47152052,18.9,60.794983339999995
18.9,60.794983339999995,13.5,60.794983339999995
16.2,65.47152052,13.5,60.794983339999995
10.8,65.47152052,13.5,60.794983339999995
13.5,60.794983339999995,8.1,60.794983339999995
-16.200000000000003,-9.353074359999994,-13.500000000000004,-4.676537179999997
-13.500000000000004,-4.676537179999997,-10.800000000000004,-9.353074359999994
-18.900000000000002,4.67653718,-16.200000000000003,0
59.400000000000006,0,56.7,4.67653718
56.7,-4.676537179999997,54,0
54,0,59.400000000000006,0
-21.6,0,-16.200000000000003,0
-16.200000000000003,0,-18.900000000000002,-4.676537179999997
62.1,4.67653718,56.7,4.67653718
56.7,4.67653718,59.400000000000006,9.353074361
8.1,60.794983339999995,2.7,60.794983339999995
10.8,65.47152052,8.1,60.794983339999995
8.1,60.794983339999995,5.4,65.47152052
27,65.47152052,24.3,60.794983339999995
24.3,60.794983339999995,21.6,65.47152052
40.5,60.794983339999995,37.8,56.118446160999994
37.8,56.118446160999994,35.1,60.794983339999995
-5.400000000000006,56.118446160999994,-2.700000000000003,60.794983339999995
-2.700000000000003,60.794983339999995,0,56.118446160999994
0,56.118446160999994,-5.400000000000006,56.118446160999994
40.5,60.794983339999995,35.1,60.794983339999995
48.6,56.118446160999994,45.900000000000006,51.441908979999994
45.900000000000006,51.441908979999994,43.2,56.118446160999994
-5.400000000000006,-18.706148719999998,0,-18.706148719999998
-16.200000000000003,-9.353074359999994,-10.800000000000004,-9.353074359999994
45.900000000000006,-14.029611539999998,43.2,-18.706148719999998
43.2,-18.706148719999998,40.5,-14.029611539999998
40.5,-14.029611539999998,45.900000000000006,-14.029611539999998
-13.500000000000004,-14.029611539999998,-10.800000000000004,-9.353074359999994
-10.800000000000004,-9.353074359999994,-8.100000000000001,-14.029611539999998
54,-9.353074359999994,51.300000000000004,-4.676537179999997
51.300000000000004,-4.676537179999997,56.7,-4.676537179999997
62.1,4.67653718,59.400000000000006,9.353074361
-21.6,0,-18.900000000000002,-4.676537179999997
-21.6,0,-24.300000000000004,4.67653718
-24.300000000000004,4.67653718,-18.900000000000002,4.67653718
-18.900000000000002,4.67653718,-21.6,0
-24.300000000000004,14.02961154,-27.000000000000004,18.70614872
-27.000000000000004,18.70614872,-21.6,18.70614872
-21.6,18.70614872,-24.300000000000004,14.02961154
-27.000000000000004,28.05922308,-21.6,28.05922308
-21.6,28.05922308,-24.300000000000004,23.3826859
62.1,23.3826859,64.80000000000001,18.70614872
64.80000000000001,18.70614872,59.400000000000006,18.70614872
59.400000000000006,18.70614872,62.1,23.3826859
64.80000000000001,9.353074361,59.400000000000006,9.353074361
59.400000000000006,9.353074361,62.1,14.02961154
2.7,-23.3826859,5.4,-18.706148719999998
5.4,-18.706148719999998,8.1,-23.3826859
35.1,-23.3826859,37.8,-18.706148719999998
48.6,56.118446160999994,43.2,56.118446160999994
59.400000000000006,46.7653718,54,46.7653718
62.1,32.73576026,59.400000000000006,37.41229744
-13.500000000000004,51.441908979999994,-10.800000000000004,56.118446160999994
-10.800000000000004,56.118446160999994,-8.100000000000001,51.441908979999994
-8.100000000000001,51.441908979999994,-13.500000000000004,51.441908979999994
-13.500000000000004,51.441908979999994,-16.200000000000003,46.7653718
-16.200000000000003,46.7653718,-18.900000000000002,42.08883462
-21.6,46.7653718,-18.900000000000002,42.08883462
-27.000000000000004,28.05922308,-24.300000000000004,23.3826859
-24.300000000000004,42.08883462,-18.900000000000002,42.08883462
-18.900000000000002,42.08883462,-21.6,37.41229744
62.1,32.73576026,64.80000000000001,28.05922308
64.80000000000001,28.05922308,59.400000000000006,28.05922308
59.400000000000006,28.05922308,62.1,32.73576026
5.4,65.47152052,2.7,60.794983339999995
0,65.47152052,2.7,60.794983339999995
2.7,60.794983339999995,-2.700000000000003,60.794983339999995
32.4,65.47152052,29.7,60.794983339999995
29.7,60.794983339999995,27,65.47152052
45.900000000000006,60.794983339999995,43.2,56.118446160999994
43.2,56.118446160999994,40.5,60.794983339999995
54,-9.353074359999994,56.7,-4.676537179999997
54,-9.353074359999994,51.300000000000004,-14.029611539999998
51.300000000000004,-14.029611539999998,48.6,-9.353074359999994
48.6,-9.353074359999994,54,-9.353074359999994
-13.500000000000004,-14.029611539999998,-8.100000000000001,-14.029611539999998
-24.300000000000004,-4.676537179999997,-18.900000000000002,-4.676537179999997
-27.000000000000004,9.353074361,-21.6,9.353074361
-21.6,9.353074361,-24.300000000000004,4.67653718
64.80000000000001,9.353074361,62.1,14.02961154
25.3,-23.3826859,21.6,-28.059223079999995
18.9,-23.3826859,25.3,-23.3826859
13.5,-23.3826859,18.9,-23.3826859
8.1,-23.3826859,13.5,-23.3826859
2.7,-23.3826859,8.1,-23.3826859
27,-28.059223079999995,25.3,-23.3826859
25.3,-23.3826859,29.7,-23.3826859
16.2,-28.059223079999995,18.9,-23.3826859
18.9,-23.3826859,21.6,-28.059223079999995
-24.300000000000004,42.08883462,-21.6,37.41229744
56.7,51.441908979999994,54,46.7653718
54,46.7653718,51.300000000000004,51.441908979999994
62.1,42.08883462,56.7,42.08883462
56.7,42.08883462,59.400000000000006,46.7653718
-27.000000000000004,37.41229744,-21.6,37.41229744
-21.6,37.41229744,-24.300000000000004,32.73576026
40.5,-23.3826859,37.8,-18.706148719999998
37.8,-18.706148719999998,43.2,-18.706148719999998
27,-28.059223079999995,29.7,-23.3826859
40.5,-23.3826859,43.2,-18.706148719999998
-2.700000000000003,-23.3826859,0,-18.706148719999998
0,-18.706148719999998,2.7,-23.3826859
-10.800000000000004,-18.706148719999998,-8.100000000000001,-14.029611539999998
-8.100000000000001,-14.029611539999998,-5.400000000000006,-18.706148719999998
-2.700000000000003,-23.3826859,2.7,-23.3826859
-10.800000000000004,56.118446160999994,-8.100000000000001,60.794983339999995
-8.100000000000001,60.794983339999995,-5.400000000000006,56.118446160999994
-5.400000000000006,56.118446160999994,-10.800000000000004,56.118446160999994
45.900000000000006,60.794983339999995,40.5,60.794983339999995
56.7,51.441908979999994,51.300000000000004,51.441908979999994
-29.700000000000003,23.3826859,-24.300000000000004,23.3826859
-24.300000000000004,23.3826859,-27.000000000000004,18.70614872
-27.000000000000004,37.41229744,-24.300000000000004,32.73576026
-29.700000000000003,23.3826859,-27.000000000000004,18.70614872
32.4,-28.059223079999995,29.7,-23.3826859
29.7,-23.3826859,35.1,-23.3826859
10.8,-28.059223079999995,13.5,-23.3826859
13.5,-23.3826859,16.2,-28.059223079999995
0,65.47152052,-2.700000000000003,60.794983339999995
37.8,65.47152052,35.1,60.794983339999995
35.1,60.794983339999995,32.4,65.47152052
-10.800000000000004,-18.706148719999998,-5.400000000000006,-18.706148719999998
-21.6,-9.353074359999994,-18.900000000000002,-4.676537179999997
-18.900000000000002,-4.676537179999997,-16.200000000000003,-9.353074359999994
48.6,-18.706148719999998,45.900000000000006,-14.029611539999998
45.900000000000006,-14.029611539999998,51.300000000000004,-14.029611539999998
-18.900000000000002,51.441908979999994,-16.200000000000003,46.7653718
-16.200000000000003,46.7653718,-21.6,46.7653718
54,56.118446160999994,51.300000000000004,51.441908979999994
51.300000000000004,51.441908979999994,48.6,56.118446160999994
-29.700000000000003,32.73576026,-24.300000000000004,32.73576026
-24.300000000000004,32.73576026,-27.000000000000004,28.05922308
62.1,42.08883462,64.80000000000001,37.41229744
64.80000000000001,37.41229744,59.400000000000006,37.41229744
59.400000000000006,37.41229744,62.1,42.08883462
-27.000000000000004,9.353074361,-29.700000000000003,14.02961154
-29.700000000000003,14.02961154,-24.300000000000004,14.02961154
-24.300000000000004,14.02961154,-27.000000000000004,9.353074361
67.5,14.02961154,62.1,14.02961154
62.1,14.02961154,64.80000000000001,18.70614872
59.400000000000006,0,62.1,4.67653718
59.400000000000006,0,64.80000000000001,0
67.5,14.02961154,64.80000000000001,18.70614872
68.5,23.3826859,62.1,23.3826859
62.1,23.3826859,64.80000000000001,28.05922308
68.5,23.3826859,64.80000000000001,28.05922308
16.2,65.47152052,18.9,70.1480577
21.6,65.47152052,16.2,65.47152052
27,65.47152052,21.6,65.47152052
32.4,65.47152052,27,65.47152052
37.8,65.47152052,32.4,65.47152052
13.5,70.1480577,16.2,65.47152052
16.2,65.47152052,10.8,65.47152052
13.5,70.1480577,10.8,65.47152052
-21.6,-9.353074359999994,-16.200000000000003,-9.353074359999994
-27.000000000000004,9.353074361,-24.300000000000004,4.67653718
64.80000000000001,0,62.1,4.67653718
59.400000000000006,0,62.1,-4.676537179999997
56.7,-4.676537179999997,59.400000000000006,0
48.6,-18.706148719999998,51.300000000000004,-14.029611539999998
5.4,-28.059223079999995,8.1,-23.3826859
8.1,-23.3826859,10.8,-28.059223079999995
32.4,-28.059223079999995,35.1,-23.3826859
8.1,70.1480577,10.8,65.47152052
10.8,65.47152052,5.4,65.47152052
-18.900000000000002,-14.029611539999998,-16.200000000000003,-9.353074359999994
-16.200000000000003,-9.353074359999994,-13.500000000000004,-14.029611539999998
59.400000000000006,-9.353074359999994,56.7,-4.676537179999997
56.7,-4.676537179999997,62.1,-4.676537179999997
59.400000000000006,46.7653718,64.80000000000001,46.7653718
62.1,42.08883462,59.400000000000006,46.7653718
54,56.118446160999994,48.6,56.118446160999994
51.300000000000004,60.794983339999995,48.6,56.118446160999994
48.6,56.118446160999994,45.900000000000006,60.794983339999995
-18.900000000000002,51.441908979999994,-21.6,46.7653718
-18.900000000000002,51.441908979999994,-16.200000000000003,56.118446160999994
-16.200000000000003,56.118446160999994,-13.500000000000004,51.441908979999994
-13.500000000000004,51.441908979999994,-18.900000000000002,51.441908979999994
-5.400000000000006,65.47152052,-2.700000000000003,60.794983339999995
-2.700000000000003,60.794983339999995,-8.100000000000001,60.794983339999995
-21.6,46.7653718,-24.300000000000004,42.08883462
-27.000000000000004,0,-21.6,0
-21.6,0,-24.300000000000004,-4.676537179999997
67.5,4.67653718,62.1,4.67653718
62.1,4.67653718,64.80000000000001,9.353074361
59.400000000000006,-9.353074359999994,62.1,-4.676537179999997
64.80000000000001,37.41229744,67.5,32.73576026
67.5,32.73576026,62.1,32.73576026
62.1,32.73576026,64.80000000000001,37.41229744
-29.700000000000003,32.73576026,-27.000000000000004,28.05922308
-27.000000000000004,46.7653718,-24.300000000000004,42.08883462
25.3,70.1480577,21.6,65.47152052
21.6,65.47152052,18.9,70.1480577
29.7,70.1480577,27,65.47152052
27,65.47152052,25.3,70.1480577
43.2,65.47152052,40.5,60.794983339999995
40.5,60.794983339999995,37.8,65.47152052
5.4,65.47152052,0,65.47152052
8.1,70.1480577,5.4,65.47152052
5.4,65.47152052,2.7,70.1480577
-18.900000000000002,-14.029611539999998,-13.500000000000004,-14.029611539999998
-24.300000000000004,-4.676537179999997,-21.6,-9.353074359999994
-27.000000000000004,0,-24.300000000000004,-4.676537179999997
59.400000000000006,-9.353074359999994,56.7,-14.029611539999998
56.7,-14.029611539999998,54,-9.353074359999994
54,-9.353074359999994,59.400000000000006,-9.353074359999994
-29.700000000000003,4.67653718,-24.300000000000004,4.67653718
-24.300000000000004,4.67653718,-27.000000000000004,0
67.5,4.67653718,64.80000000000001,9.353074361
70.2,9.353074361,64.80000000000001,9.353074361
64.80000000000001,9.353074361,67.5,14.02961154
43.2,65.47152052,37.8,65.47152052
48.6,-18.706148719999998,45.900000000000006,-23.3826859
45.900000000000006,-23.3826859,43.2,-18.706148719999998
43.2,-18.706148719999998,48.6,-18.706148719999998
37.8,-28.059223079999995,35.1,-23.3826859
35.1,-23.3826859,40.5,-23.3826859
-5.400000000000006,65.47152052,-8.100000000000001,60.794983339999995
-2.700000000000003,-23.3826859,-8.100000000000001,-23.3826859
-8.100000000000001,-23.3826859,-5.400000000000006,-18.706148719999998
-5.400000000000006,-18.706148719999998,-2.700000000000003,-23.3826859
-16.200000000000003,-18.706148719999998,-13.500000000000004,-14.029611539999998
-13.500000000000004,-14.029611539999998,-10.800000000000004,-18.706148719999998
68.5,23.3826859,70.2,18.70614872
70.2,18.70614872,64.80000000000001,18.70614872
64.80000000000001,18.70614872,68.5,23.3826859
-29.700000000000003,14.02961154,-32.400000000000006,18.70614872
-32.400000000000006,18.70614872,-27.000000000000004,18.70614872
-27.000000000000004,18.70614872,-29.700000000000003,14.02961154
-32.400000000000006,28.05922308,-27.000000000000004,28.05922308
-27.000000000000004,28.05922308,-29.700000000000003,23.3826859
0,-28.059223079999995,2.7,-23.3826859
2.7,-23.3826859,5.4,-28.059223079999995
37.8,-28.059223079999995,40.5,-23.3826859
51.300000000000004,60.794983339999995,45.900000000000006,60.794983339999995
-13.500000000000004,60.794983339999995,-10.800000000000004,56.118446160999994
-10.800000000000004,56.118446160999994,-16.200000000000003,56.118446160999994
67.5,32.73576026,70.2,28.05922308
70.2,28.05922308,64.80000000000001,28.05922308
64.80000000000001,28.05922308,67.5,32.73576026
-32.400000000000006,28.05922308,-29.700000000000003,23.3826859
-29.700000000000003,42.08883462,-24.300000000000004,42.08883462
-24.300000000000004,42.08883462,-27.000000000000004,37.41229744
35.1,70.1480577,32.4,65.47152052
32.4,65.47152052,29.7,70.1480577
2.7,70.1480577,0,65.47152052
54,-18.706148719999998,51.300000000000004,-14.029611539999998
51.300000000000004,-14.029611539999998,56.7,-14.029611539999998
-16.200000000000003,-18.706148719999998,-10.800000000000004,-18.706148719999998
-27.000000000000004,-9.353074359999994,-21.6,-9.353074359999994
-32.400000000000006,9.353074361,-27.000000000000004,9.353074361
-27.000000000000004,9.353074361,-29.700000000000003,4.67653718
70.2,9.353074361,67.5,14.02961154
16.2,-28.059223079999995,21.6,-28.059223079999995
10.8,-28.059223079999995,16.2,-28.059223079999995
5.4,-28.059223079999995,10.8,-28.059223079999995
0,-28.059223079999995,5.4,-28.059223079999995
18.9,-32.73576026,21.6,-28.059223079999995
24.3,-32.73576026,21.6,-28.059223079999995
21.6,-28.059223079999995,27,-28.059223079999995
24.3,-32.73576026,27,-28.059223079999995
-29.700000000000003,42.08883462,-27.000000000000004,37.41229744
-13.500000000000004,60.794983339999995,-16.200000000000003,56.118446160999994
62.1,51.441908979999994,59.400000000000006,46.7653718
59.400000000000006,46.7653718,56.7,51.441908979999994
56.7,51.441908979999994,62.1,51.441908979999994
29.7,-32.73576026,27,-28.059223079999995
27,-28.059223079999995,32.4,-28.059223079999995
13.5,-32.73576026,16.2,-28.059223079999995
16.2,-28.059223079999995,18.9,-32.73576026
59.400000000000006,56.118446160999994,56.7,51.441908979999994
56.7,51.441908979999994,54,56.118446160999994
-24.300000000000004,51.441908979999994,-21.6,46.7653718
-21.6,46.7653718,-27.000000000000004,46.7653718
-32.400000000000006,37.41229744,-27.000000000000004,37.41229744
-27.000000000000004,37.41229744,-29.700000000000003,32.73576026
67.5,42.08883462,62.1,42.08883462
62.1,42.08883462,64.80000000000001,46.7653718
8.1,-32.73576026,10.8,-28.059223079999995
10.8,-28.059223079999995,13.5,-32.73576026
-5.400000000000006,-28.059223079999995,-2.700000000000003,-23.3826859
-2.700000000000003,-23.3826859,0,-28.059223079999995
29.7,-32.73576026,32.4,-28.059223079999995
35.1,-32.73576026,32.4,-28.059223079999995
32.4,-28.059223079999995,37.8,-28.059223079999995
-5.400000000000006,-28.059223079999995,0,-28.059223079999995
-13.500000000000004,-23.3826859,-10.800000000000004,-18.706148719999998
-10.800000000000004,-18.706148719999998,-8.100000000000001,-23.3826859
45.900000000000006,-23.3826859,43.2,-28.059223079999995
43.2,-28.059223079999995,40.5,-23.3826859
40.5,-23.3826859,45.900000000000006,-23.3826859
48.6,65.47152052,45.900000000000006,60.794983339999995
45.900000000000006,60.794983339999995,43.2,65.47152052
59.400000000000006,56.118446160999994,54,56.118446160999994
48.6,65.47152052,43.2,65.47152052
-10.800000000000004,65.47152052,-8.100000000000001,60.794983339999995
-8.100000000000001,60.794983339999995,-13.500000000000004,60.794983339999995
-2.700000000000003,70.1480577,0,65.47152052
0,65.47152052,-5.400000000000006,65.47152052
-10.800000000000004,65.47152052,-13.500000000000004,60.794983339999995
-24.300000000000004,51.441908979999994,-21.6,56.118446160999994
-21.6,56.118446160999994,-18.900000000000002,51.441908979999994
-18.900000000000002,51.441908979999994,-24.300000000000004,51.441908979999994
-24.300000000000004,51.441908979999994,-27.000000000000004,46.7653718
56.7,60.794983339999995,54,56.118446160999994
54,56.118446160999994,51.300000000000004,60.794983339999995
64.80000000000001,46.7653718,62.1,51.441908979999994
67.5,42.08883462,64.80000000000001,46.7653718
67.5,42.08883462,70.2,37.41229744
70.2,37.41229744,64.80000000000001,37.41229744
64.80000000000001,37.41229744,67.5,42.08883462
-32.400000000000006,37.41229744,-29.700000000000003,32.73576026
-29.700000000000003,51.441908979999994,-27.000000000000004,46.7653718
-35.1,23.3826859,-29.700000000000003,23.3826859
-29.700000000000003,23.3826859,-32.400000000000006,18.70614872
-35.1,32.73576026,-29.700000000000003,32.73576026
-29.700000000000003,32.73576026,-32.400000000000006,28.05922308
-35.1,23.3826859,-32.400000000000006,18.70614872
72.9,23.3826859,68.5,23.3826859
68.5,23.3826859,70.2,28.05922308
72.9,14.02961154,67.5,14.02961154
67.5,14.02961154,70.2,18.70614872
72.9,23.3826859,70.2,28.05922308
40.5,70.1480577,37.8,65.47152052
37.8,65.47152052,35.1,70.1480577
-2.700000000000003,70.1480577,-5.400000000000006,65.47152052
-13.500000000000004,-23.3826859,-8.100000000000001,-23.3826859
-24.300000000000004,-14.029611539999998,-21.6,-9.353074359999994
-21.6,-9.353074359999994,-18.900000000000002,-14.029611539999998
54,-18.706148719999998,51.300000000000004,-23.3826859
51.300000000000004,-23.3826859,48.6,-18.706148719999998
48.6,-18.706148719999998,54,-18.706148719999998
54,-18.706148719999998,56.7,-14.029611539999998
-32.400000000000006,9.353074361,-35.1,14.02961154
-35.1,14.02961154,-29.700000000000003,14.02961154
-29.700000000000003,14.02961154,-32.400000000000006,9.353074361
72.9,14.02961154,70.2,18.70614872
62.1,-4.676537179999997,64.80000000000001,0
64.80000000000001,0,67.5,-4.676537179999997
29.7,70.1480577,25.3,70.1480577
35.1,70.1480577,29.7,70.1480577
40.5,70.1480577,35.1,70.1480577
25.3,70.1480577,18.9,70.1480577
21.6,74.82459487999999,18.9,70.1480577
16.2,74.82459487999999,18.9,70.1480577
18.9,70.1480577,13.5,70.1480577
16.2,74.82459487999999,13.5,70.1480577
13.5,70.1480577,8.1,70.1480577
10.8,74.82459487999999,13.5,70.1480577
10.8,74.82459487999999,8.1,70.1480577
-24.300000000000004,-14.029611539999998,-18.900000000000002,-14.029611539999998
-29.700000000000003,4.67653718,-27.000000000000004,0
-32.400000000000006,9.353074361,-29.700000000000003,4.67653718
64.80000000000001,0,67.5,4.67653718
70.2,0,64.80000000000001,0
64.80000000000001,-9.353074359999994,62.1,-4.676537179999997
62.1,-4.676537179999997,67.5,-4.676537179999997
70.2,0,67.5,4.67653718
-29.700000000000003,-4.676537179999997,-24.300000000000004,-4.676537179999997
-24.300000000000004,-4.676537179999997,-27.000000000000004,-9.353074359999994
27,74.82459487999999,25.3,70.1480577
25.3,70.1480577,21.6,74.82459487999999
5.4,74.82459487999999,8.1,70.1480577
8.1,70.1480577,2.7,70.1480577
-21.6,-18.706148719999998,-18.900000000000002,-14.029611539999998
-18.900000000000002,-14.029611539999998,-16.200000000000003,-18.706148719999998
-29.700000000000003,-4.676537179999997,-27.000000000000004,-9.353074359999994
62.1,-14.029611539999998,59.400000000000006,-9.353074359999994
59.400000000000006,-9.353074359999994,64.80000000000001,-9.353074359999994
-29.700000000000003,-4.676537179999997,-32.400000000000006,0
-32.400000000000006,0,-27.000000000000004,0
-27.000000000000004,0,-29.700000000000003,-4.676537179999997
72.9,4.67653718,67.5,4.67653718
67.5,4.67653718,70.2,9.353074361
64.80000000000001,-9.353074359999994,67.5,-4.676537179999997
37.8,-28.059223079999995,43.2,-28.059223079999995
35.1,-32.73576026,37.8,-28.059223079999995
37.8,-28.059223079999995,40.5,-32.73576026
2.7,-32.73576026,5.4,-28.059223079999995
5.4,-28.059223079999995,8.1,-32.73576026
-10.800000000000004,-28.059223079999995,-8.100000000000001,-23.3826859
-8.100000000000001,-23.3826859,-5.400000000000006,-28.059223079999995
-18.900000000000002,60.794983339999995,-16.200000000000003,56.118446160999994
-16.200000000000003,56.118446160999994,-21.6,56.118446160999994
56.7,60.794983339999995,51.300000000000004,60.794983339999995
-35.1,32.73576026,-32.400000000000006,28.05922308
-32.400000000000006,46.7653718,-27.000000000000004,46.7653718
-27.000000000000004,46.7653718,-29.700000000000003,42.08883462
70.2,37.41229744,72.9,32.73576026
72.9,32.73576026,67.5,32.73576026
67.5,32.73576026,70.2,37.41229744
5.4,74.82459487999999,2.7,70.1480577
32.4,74.82459487999999,29.7,70.1480577
29.7,70.1480577,27,74.82459487999999
-21.6,-18.706148719999998,-16.200000000000003,-18.706148719999998
62.1,-14.029611539999998,59.400000000000006,-18.706148719999998
59.400000000000006,-18.706148719999998,56.7,-14.029611539999998
56.7,-14.029611539999998,62.1,-14.029611539999998
-35.1,4.67653718,-29.700000000000003,4.67653718
-29.700000000000003,4.67653718,-32.400000000000006,0
72.9,4.67653718,70.2,9.353074361
70.2,-9.353074359999994,67.5,-4.676537179999997
-10.800000000000004,-28.059223079999995,-5.400000000000006,-28.059223079999995
-17.900000000000002,-23.3826859,-16.200000000000003,-18.706148719999998
-16.200000000000003,-18.706148719999998,-13.500000000000004,-23.3826859
51.300000000000004,-23.3826859,48.6,-28.059223079999995
48.6,-28.059223079999995,45.900000000000006,-23.3826859
45.900000000000006,-23.3826859,51.300000000000004,-23.3826859
-8.100000000000001,70.1480577,-5.400000000000006,65.47152052
-5.400000000000006,65.47152052,-10.800000000000004,65.47152052
0,74.82459487999999,2.7,70.1480577
2.7,70.1480577,-2.700000000000003,70.1480577
-8.100000000000001,70.1480577,-10.800000000000004,65.47152052
45.900000000000006,70.1480577,43.2,65.47152052
43.2,65.47152052,40.5,70.1480577
54,65.47152052,51.300000000000004,60.794983339999995
51.300000000000004,60.794983339999995,48.6,65.47152052
45.900000000000006,70.1480577,40.5,70.1480577
72.9,23.3826859,75.6,18.70614872
75.6,18.70614872,70.2,18.70614872
70.2,18.70614872,72.9,23.3826859
75.6,9.353074361,70.2,9.353074361
70.2,9.353074361,72.9,14.02961154
-35.1,14.02961154,-37.800000000000004,18.70614872
-37.800000000000004,18.70614872,-32.400000000000006,18.70614872
-32.400000000000006,18.70614872,-35.1,14.02961154
-37.800000000000004,28.05922308,-32.400000000000006,28.05922308
-32.400000000000006,28.05922308,-35.1,23.3826859
-17.900000000000002,-23.3826859,-13.500000000000004,-23.3826859
-2.700000000000003,-32.73576026,0,-28.059223079999995
0,-28.059223079999995,2.7,-32.73576026
40.5,-32.73576026,43.2,-28.059223079999995
54,65.47152052,48.6,65.47152052
62.1,51.441908979999994,59.400000000000006,56.118446160999994
-18.900000000000002,60.794983339999995,-16.200000000000003,65.47152052
-16.200000000000003,65.47152052,-13.500000000000004,60.794983339999995
-13.500000000000004,60.794983339999995,-18.900000000000002,60.794983339999995
72.9,32.73576026,75.6,28.05922308
75.6,28.05922308,70.2,28.05922308
70.2,28.05922308,72.9,32.73576026
-37.800000000000004,28.05922308,-35.1,23.3826859
-32.400000000000006,46.7653718,-29.700000000000003,42.08883462
13.5,-32.73576026,18.9,-32.73576026
8.1,-32.73576026,13.5,-32.73576026
2.7,-32.73576026,8.1,-32.73576026
-2.700000000000003,-32.73576026,2.7,-32.73576026
16.2,-37.412297439,18.9,-32.73576026
21.6,-37.412297439,18.9,-32.73576026
18.9,-32.73576026,24.3,-32.73576026
21.6,-37.412297439,24.3,-32.73576026
24.3,-32.73576026,29.7,-32.73576026
27,-37.412297439,24.3,-32.73576026
27,-37.412297439,29.7,-32.73576026
37.8,74.82459487999999,35.1,70.1480577
35.1,70.1480577,32.4,74.82459487999999
0,74.82459487999999,-2.700000000000003,70.1480577
56.7,-23.3826859,54,-18.706148719999998
54,-18.706148719999998,59.400000000000006,-18.706148719999998
45.900000000000006,-32.73576026,43.2,-28.059223079999995
43.2,-28.059223079999995,48.6,-28.059223079999995
64.80000000000001,56.118446160999994,59.400000000000006,56.118446160999994
67.5,51.441908979999994,62.1,51.441908979999994
62.1,51.441908979999994,64.80000000000001,56.118446160999994
-29.700000000000003,42.08883462,-32.400000000000006,37.41229744
-35.1,42.08883462,-29.700000000000003,42.08883462
-18.900000000000002,60.794983339999995,-21.6,56.118446160999994
-35.1,42.08883462,-32.400000000000006,37.41229744
70.2,46.7653718,64.80000000000001,46.7653718
64.80000000000001,46.7653718,67.5,51.441908979999994
75.6,9.353074361,72.9,14.02961154
-37.800000000000004,9.353074361,-32.400000000000006,9.353074361
-32.400000000000006,9.353074361,-35.1,4.67653718
10.8,-37.412297439,13.5,-32.73576026
13.5,-32.73576026,16.2,-37.412297439
32.4,-37.412297439,29.7,-32.73576026
29.7,-32.73576026,35.1,-32.73576026
-29.700000000000003,51.441908979999994,-27.000000000000004,56.118446160999994
-27.000000000000004,56.118446160999994,-24.300000000000004,51.441908979999994
-24.300000000000004,51.441908979999994,-29.700000000000003,51.441908979999994
62.1,60.794983339999995,59.400000000000006,56.118446160999994
59.400000000000006,56.118446160999994,56.7,60.794983339999995
70.2,46.7653718,67.5,51.441908979999994
-37.800000000000004,37.41229744,-32.400000000000006,37.41229744
-32.400000000000006,37.41229744,-35.1,32.73576026
-29.700000000000003,51.441908979999994,-32.400000000000006,46.7653718
70.2,46.7653718,72.9,42.08883462
72.9,42.08883462,67.5,42.08883462
67.5,42.08883462,70.2,46.7653718
5.4,-37.412297439,8.1,-32.73576026
8.1,-32.73576026,10.8,-37.412297439
32.4,-37.412297439,35.1,-32.73576026
16.2,74.82459487999999,18.9,79.50113206
21.6,74.82459487999999,16.2,74.82459487999999
27,74.82459487999999,21.6,74.82459487999999
32.4,74.82459487999999,27,74.82459487999999
37.8,74.82459487999999,32.4,74.82459487999999
13.5,79.50113206,16.2,74.82459487999999
16.2,74.82459487999999,10.8,74.82459487999999
13.5,79.50113206,10.8,74.82459487999999
-24.300000000000004,60.794983339999995,-21.6,56.118446160999994
-21.6,56.118446160999994,-27.000000000000004,56.118446160999994
62.1,60.794983339999995,56.7,60.794983339999995
72.9,-4.676537179999997,67.5,-4.676537179999997
67.5,-4.676537179999997,70.2,0
70.2,0,72.9,-4.676537179999997
62.1,-14.029611539999998,64.80000000000001,-9.353074359999994
56.7,-23.3826859,59.400000000000006,-18.706148719999998
-27.000000000000004,-9.353074359999994,-24.300000000000004,-14.029611539999998
-32.400000000000006,-9.353074359999994,-27.000000000000004,-9.353074359999994
-27.000000000000004,-9.353074359999994,-29.700000000000003,-14.029611539999998
-35.1,4.67653718,-32.400000000000006,0
-37.800000000000004,9.353074361,-35.1,4.67653718
-29.700000000000003,-14.029611539999998,-24.300000000000004,-14.029611539999998
72.9,42.08883462,75.6,37.41229744
75.6,37.41229744,70.2,37.41229744
70.2,37.41229744,72.9,42.08883462
-37.800000000000004,37.41229744,-35.1,32.73576026
-35.1,51.441908979999994,-32.400000000000006,46.7653718
8.1,79.50113206,10.8,74.82459487999999
10.8,74.82459487999999,5.4,74.82459487999999
24.3,79.50113206,21.6,74.82459487999999
21.6,74.82459487999999,18.9,79.50113206
-2.700000000000003,-32.73576026,-8.100000000000001,-32.73576026
-8.100000000000001,-32.73576026,-5.400000000000006,-28.059223079999995
-5.400000000000006,-28.059223079999995,-2.700000000000003,-32.73576026
-16.200000000000003,-28.059223079999995,-13.500000000000004,-23.3826859
-13.500000000000004,-23.3826859,-10.800000000000004,-28.059223079999995
45.900000000000006,-32.73576026,48.6,-28.059223079999995
37.8,-37.412297439,35.1,-32.73576026
35.1,-32.73576026,40.5,-32.73576026
51.300000000000004,70.1480577,48.6,65.47152052
48.6,65.47152052,45.900000000000006,70.1480577
59.400000000000006,65.47152052,56.7,60.794983339999995
56.7,60.794983339999995,54,65.47152052
51.300000000000004,70.1480577,45.900000000000006,70.1480577
43.2,74.82459487999999,40.5,70.1480577
40.5,70.1480577,37.8,74.82459487999999
-13.500000000000004,70.1480577,-10.800000000000004,65.47152052
-10.800000000000004,65.47152052,-16.200000000000003,65.47152052
-5.400000000000006,74.82459487999999,-2.700000000000003,70.1480577
-2.700000000000003,70.1480577,-8.100000000000001,70.1480577
8.1,79.50113206,5.4,74.82459487999999
-13.500000000000004,70.1480577,-16.200000000000003,65.47152052
-27.000000000000004,-18.706148719999998,-24.300000000000004,-14.029611539999998
-24.300000000000004,-14.029611539999998,-21.6,-18.706148719999998
-27.000000000000004,-18.706148719999998,-21.6,-18.706148719999998
67.5,-14.029611539999998,64.80000000000001,-9.353074359999994
64.80000000000001,-9.353074359999994,70.2,-9.353074359999994
-35.1,-4.676537179999997,-29.700000000000003,-4.676537179999997
-29.700000000000003,-4.676537179999997,-32.400000000000006,-9.353074359999994
75.6,0,70.2,0
70.2,0,72.9,4.67653718
-40.5,23.3826859,-35.1,23.3826859
-35.1,23.3826859,-37.800000000000004,18.70614872
-40.5,32.73576026,-35.1,32.73576026
-35.1,32.73576026,-37.800000000000004,28.05922308
-40.5,23.3826859,-37.800000000000004,18.70614872
-40.5,14.02961154,-35.1,14.02961154
-35.1,14.02961154,-37.800000000000004,9.353074361
78.30000000000001,23.3826859,72.9,23.3826859
72.9,23.3826859,75.6,28.05922308
78.30000000000001,14.02961154,72.9,14.02961154
72.9,14.02961154,75.6,18.70614872
75.6,0,72.9,4.67653718
78.30000000000001,23.3826859,75.6,28.05922308
-5.400000000000006,74.82459487999999,-8.100000000000001,70.1480577
43.2,74.82459487999999,37.8,74.82459487999999
56.7,-23.3826859,54,-28.059223079999995
54,-28.059223079999995,51.300000000000004,-23.3826859
51.300000000000004,-23.3826859,56.7,-23.3826859
-16.200000000000003,-28.059223079999995,-10.800000000000004,-28.059223079999995
-40.5,14.02961154,-37.800000000000004,9.353074361
78.30000000000001,14.02961154,75.6,18.70614872
2.7,79.50113206,5.4,74.82459487999999
5.4,74.82459487999999,0,74.82459487999999
29.7,79.50113206,27,74.82459487999999
27,74.82459487999999,24.3,79.50113206
-24.300000000000004,-23.3826859,-21.6,-18.706148719999998
-21.6,-18.706148719999998,-17.900000000000002,-23.3826859
-32.400000000000006,-9.353074359999994,-29.700000000000003,-14.029611539999998
67.5,-14.029611539999998,70.2,-9.353074359999994
67.5,-14.029611539999998,64.80000000000001,-18.706148719999998
64.80000000000001,-18.706148719999998,62.1,-14.029611539999998
62.1,-14.029611539999998,67.5,-14.029611539999998
78.30000000000001,4.67653718,72.9,4.67653718
72.9,4.67653718,75.6,9.353074361
-35.1,-4.676537179999997,-37.800000000000004,0
-37.800000000000004,0,-32.400000000000006,0
-32.400000000000006,0,-35.1,-4.676537179999997
-35.1,-4.676537179999997,-32.400000000000006,-9.353074359999994
37.8,-37.412297439,40.5,-32.73576026
0,-37.412297439,2.7,-32.73576026
2.7,-32.73576026,5.4,-37.412297439
-24.300000000000004,60.794983339999995,-21.6,65.47152052
-21.6,65.47152052,-18.900000000000002,60.794983339999995
-18.900000000000002,60.794983339999995,-24.300000000000004,60.794983339999995
59.400000000000006,65.47152052,54,65.47152052
67.5,51.441908979999994,64.80000000000001,56.118446160999994
-40.5,32.73576026,-37.800000000000004,28.05922308
-37.800000000000004,46.7653718,-32.400000000000006,46.7653718
-32.400000000000006,46.7653718,-35.1,42.08883462
75.6,37.41229744,78.30000000000001,32.73576026
78.30000000000001,32.73576026,72.9,32.73576026
72.9,32.73576026,75.6,37.41229744
35.1,79.50113206,32.4,74.82459487999999
32.4,74.82459487999999,29.7,79.50113206
48.6,74.82459487999999,45.900000000000006,70.1480577
45.900000000000006,70.1480577,43.2,74.82459487999999
56.7,70.1480577,54,65.47152052
54,65.47152052,51.300000000000004,70.1480577
2.7,79.50113206,0,74.82459487999999
-2.700000000000003,79.50113206,0,74.82459487999999
0,74.82459487999999,-5.400000000000006,74.82459487999999
-10.800000000000004,74.82459487999999,-8.100000000000001,70.1480577
-8.100000000000001,70.1480577,-13.500000000000004,70.1480577
-24.300000000000004,-23.3826859,-17.900000000000002,-23.3826859
-35.1,-14.029611539999998,-29.700000000000003,-14.029611539999998
-21.6,-28.059223079999995,-17.900000000000002,-23.3826859
-17.900000000000002,-23.3826859,-16.200000000000003,-28.059223079999995
62.1,-23.3826859,59.400000000000006,-18.706148719999998
59.400000000000006,-18.706148719999998,64.80000000000001,-18.706148719999998
51.300000000000004,-32.73576026,48.6,-28.059223079999995
48.6,-28.059223079999995,54,-28.059223079999995
-40.5,4.67653718,-35.1,4.67653718
-35.1,4.67653718,-37.800000000000004,0
78.30000000000001,4.67653718,75.6,9.353074361
70.2,-9.353074359999994,72.9,-4.676537179999997
72.9,-14.029611539999998,70.2,-9.353074359999994
70.2,-9.353074359999994,75.6,-9.353074359999994
-17.900000000000002,70.1480577,-16.200000000000003,65.47152052
-16.200000000000003,65.47152052,-21.6,65.47152052
48.6,74.82459487999999,43.2,74.82459487999999
-10.800000000000004,74.82459487999999,-13.500000000000004,70.1480577
51.300000000000004,-32.73576026,54,-28.059223079999995
43.2,-37.412297439,40.5,-32.73576026
40.5,-32.73576026,45.900000000000006,-32.73576026
-8.100000000000001,-32.73576026,-13.500000000000004,-32.73576026
-13.500000000000004,-32.73576026,-10.800000000000004,-28.059223079999995
-10.800000000000004,-28.059223079999995,-8.100000000000001,-32.73576026
78.30000000000001,23.3826859,81,18.70614872
81,18.70614872,75.6,18.70614872
75.6,18.70614872,78.30000000000001,23.3826859
81,9.353074361,75.6,9.353074361
75.6,9.353074361,78.30000000000001,14.02961154
-43.2,9.353074361,-43.2,18.70614872
-40.5,14.02961154,-43.2,9.353074361
-40.5,14.02961154,-43.2,18.70614872
-43.2,18.70614872,-37.800000000000004,18.70614872
-37.800000000000004,18.70614872,-40.5,14.02961154
-43.2,28.05922308,-37.800000000000004,28.05922308
-37.800000000000004,28.05922308,-40.5,23.3826859
16.2,-37.412297439,21.6,-37.412297439
10.8,-37.412297439,16.2,-37.412297439
5.4,-37.412297439,10.8,-37.412297439
0,-37.412297439,5.4,-37.412297439
18.9,-42.08883462,21.6,-37.412297439
24.3,-42.08883462,21.6,-37.412297439
21.6,-37.412297439,27,-37.412297439
24.3,-42.08883462,27,-37.412297439
-37.800000000000004,46.7653718,-35.1,42.08883462
-24.300000000000004,60.794983339999995,-27.000000000000004,56.118446160999994
-17.900000000000002,70.1480577,-21.6,65.47152052
70.2,56.118446160999994,64.80000000000001,56.118446160999994
72.9,51.441908979999994,67.5,51.441908979999994
67.5,51.441908979999994,70.2,56.118446160999994
-5.400000000000006,-37.412297439,-2.700000000000003,-32.73576026
-2.700000000000003,-32.73576026,0,-37.412297439
-5.400000000000006,-37.412297439,0,-37.412297439
43.2,-37.412297439,45.900000000000006,-32.73576026
29.7,-42.08883462,27,-37.412297439
27,-37.412297439,32.4,-37.412297439
13.5,-42.08883462,16.2,-37.412297439
16.2,-37.412297439,18.9,-42.08883462
29.7,-42.08883462,32.4,-37.412297439
56.7,70.1480577,51.300000000000004,70.1480577
67.5,60.794983339999995,64.80000000000001,56.118446160999994
64.80000000000001,56.118446160999994,62.1,60.794983339999995
-32.400000000000006,56.118446160999994,-29.700000000000003,51.441908979999994
-29.700000000000003,51.441908979999994,-35.1,51.441908979999994
67.5,60.794983339999995,62.1,60.794983339999995
72.9,51.441908979999994,75.6,46.7653718
75.6,46.7653718,70.2,46.7653718
70.2,46.7653718,72.9,51.441908979999994
-40.5,42.08883462,-35.1,42.08883462
-35.1,42.08883462,-37.800000000000004,37.41229744
-32.400000000000006,56.118446160999994,-35.1,51.441908979999994
-40.5,42.08883462,-37.800000000000004,37.41229744
78.30000000000001,32.73576026,81,28.05922308
81,28.05922308,75.6,28.05922308
75.6,28.05922308,78.30000000000001,32.73576026
-43.2,18.70614872,-43.2,28.05922308
-43.2,28.05922308,-40.5,23.3826859
-40.5,23.3826859,-43.2,18.70614872
40.5,79.50113206,37.8,74.82459487999999
37.8,74.82459487999999,35.1,79.50113206
54,74.82459487999999,51.300000000000004,70.1480577
51.300000000000004,70.1480577,48.6,74.82459487999999
-2.700000000000003,79.50113206,-5.400000000000006,74.82459487999999
-21.6,-28.059223079999995,-16.200000000000003,-28.059223079999995
59.400000000000006,-28.059223079999995,56.7,-23.3826859
56.7,-23.3826859,62.1,-23.3826859
59.400000000000006,-28.059223079999995,62.1,-23.3826859
-43.2,9.353074361,-37.800000000000004,9.353074361
-37.800000000000004,9.353074361,-40.5,4.67653718
81,9.353074361,78.30000000000001,14.02961154
35.1,-42.08883462,32.4,-37.412297439
32.4,-37.412297439,37.8,-37.412297439
8.1,-42.08883462,10.8,-37.412297439
10.8,-37.412297439,13.5,-42.08883462
64.80000000000001,65.47152052,62.1,60.794983339999995
62.1,60.794983339999995,59.400000000000006,65.47152052
-29.700000000000003,60.794983339999995,-27.000000000000004,56.118446160999994
-27.000000000000004,56.118446160999994,-32.400000000000006,56.118446160999994
-43.2,37.41229744,-37.800000000000004,37.41229744
-37.800000000000004,37.41229744,-40.5,32.73576026
-35.1,51.441908979999994,-37.800000000000004,46.7653718
75.6,46.7653718,78.30000000000001,42.08883462
78.30000000000001,42.08883462,72.9,42.08883462
72.9,42.08883462,75.6,46.7653718
18.9,79.50113206,13.5,79.50113206
24.3,79.50113206,18.9,79.50113206
29.7,79.50113206,24.3,79.50113206
35.1,79.50113206,29.7,79.50113206
40.5,79.50113206,35.1,79.50113206
16.2,84.17766924,13.5,79.50113206
10.8,84.17766924,13.5,79.50113206
13.5,79.50113206,8.1,79.50113206
10.8,84.17766924,8.1,79.50113206
21.6,84.17766924,18.9,79.50113206
18.9,79.50113206,16.2,84.17766924
-32.400000000000006,-18.706148719999998,-29.700000000000003,-14.029611539999998
-29.700000000000003,-14.029611539999998,-27.000000000000004,-18.706148719999998
-27.000000000000004,-18.706148719999998,-32.400000000000006,-18.706148719999998
-40.5,4.67653718,-37.800000000000004,0
-40.5,4.67653718,-43.2,0
-43.2,0,-43.2,9.353074361
-43.2,9.353074361,-40.5,4.67653718
75.6,-9.353074359999994,72.9,-4.676537179999997
62.1,-23.3826859,64.80000000000001,-18.706148719999998
72.9,-4.676537179999997,75.6,0
78.30000000000001,-4.676537179999997,72.9,-4.676537179999997
78.30000000000001,-4.676537179999997,75.6,0
-37.800000000000004,-9.353074359999994,-32.400000000000006,-9.353074359999994
-32.400000000000006,-9.353074359999994,-35.1,-14.029611539999998
2.7,-42.08883462,5.4,-37.412297439
5.4,-37.412297439,8.1,-42.08883462
-10.800000000000004,-37.412297439,-8.100000000000001,-32.73576026
-8.100000000000001,-32.73576026,-5.400000000000006,-37.412297439
37.8,-37.412297439,43.2,-37.412297439
35.1,-42.08883462,37.8,-37.412297439
37.8,-37.412297439,40.5,-42.08883462
5.4,84.17766924,8.1,79.50113206
8.1,79.50113206,2.7,79.50113206
27,84.17766924,24.3,79.50113206
24.3,79.50113206,21.6,84.17766924
-29.700000000000003,60.794983339999995,-27.000000000000004,65.47152052
-27.000000000000004,65.47152052,-24.300000000000004,60.794983339999995
-24.300000000000004,60.794983339999995,-29.700000000000003,60.794983339999995
-16.200000000000003,74.82459487999999,-13.500000000000004,70.1480577
-13.500000000000004,70.1480577,-17.900000000000002,70.1480577
-8.100000000000001,79.50113206,-5.400000000000006,74.82459487999999
-5.400000000000006,74.82459487999999,-10.800000000000004,74.82459487999999
72.9,51.441908979999994,70.2,56.118446160999994
64.80000000000001,65.47152052,59.400000000000006,65.47152052
62.1,70.1480577,59.400000000000006,65.47152052
59.400000000000006,65.47152052,56.7,70.1480577
70.2,-18.706148719999998,67.5,-14.029611539999998
67.5,-14.029611539999998,72.9,-14.029611539999998
-29.700000000000003,-23.3826859,-27.000000000000004,-18.706148719999998
-27.000000000000004,-18.706148719999998,-24.300000000000004,-23.3826859
-37.800000000000004,-9.353074359999994,-35.1,-14.029611539999998
-40.5,-4.676537179999997,-35.1,-4.676537179999997
-35.1,-4.676537179999997,-37.800000000000004,-9.353074359999994
81,0,75.6,0
75.6,0,78.30000000000001,4.67653718
70.2,-18.706148719999998,72.9,-14.029611539999998
81,37.41229744,75.6,37.41229744
75.6,37.41229744,78.30000000000001,42.08883462
81,37.41229744,78.30000000000001,42.08883462
-43.2,28.05922308,-43.2,37.41229744
-43.2,37.41229744,-40.5,32.73576026
-40.5,32.73576026,-43.2,28.05922308
-40.5,51.441908979999994,-37.800000000000004,46.7653718
-10.800000000000004,-37.412297439,-5.400000000000006,-37.412297439
-18.900000000000002,-32.73576026,-16.200000000000003,-28.059223079999995
-16.200000000000003,-28.059223079999995,-13.500000000000004,-32.73576026
51.300000000000004,-32.73576026,48.6,-37.412297439
48.6,-37.412297439,45.900000000000006,-32.73576026
45.900000000000006,-32.73576026,51.300000000000004,-32.73576026
-16.200000000000003,74.82459487999999,-17.900000000000002,70.1480577
54,74.82459487999999,48.6,74.82459487999999
83.7,23.3826859,78.30000000000001,23.3826859
78.30000000000001,23.3826859,81,28.05922308
83.7,14.02961154,78.30000000000001,14.02961154
78.30000000000001,14.02961154,81,18.70614872
81,0,78.30000000000001,4.67653718
83.7,32.73576026,83.7,23.3826859
83.7,23.3826859,81,28.05922308
81,28.05922308,83.7,32.73576026
-8.100000000000001,79.50113206,-10.800000000000004,74.82459487999999
5.4,84.17766924,2.7,79.50113206
40.5,79.50113206,45.900000000000006,79.50113206
45.900000000000006,79.50113206,43.2,74.82459487999999
43.2,74.82459487999999,40.5,79.50113206
-18.900000000000002,-32.73576026,-13.500000000000004,-32.73576026
-29.700000000000003,-23.3826859,-24.300000000000004,-23.3826859
59.400000000000006,-28.059223079999995,56.7,-32.73576026
56.7,-32.73576026,54,-28.059223079999995
54,-28.059223079999995,59.400000000000006,-28.059223079999995
83.7,23.3826859,83.7,14.02961154
83.7,14.02961154,81,18.70614872
81,18.70614872,83.7,23.3826859
0,84.17766924,2.7,79.50113206
2.7,79.50113206,-2.700000000000003,79.50113206
32.4,84.17766924,29.7,79.50113206
29.7,79.50113206,27,84.17766924
-27.000000000000004,-28.059223079999995,-24.300000000000004,-23.3826859
-24.300000000000004,-23.3826859,-21.6,-28.059223079999995
83.7,4.67653718,78.30000000000001,4.67653718
78.30000000000001,4.67653718,81,9.353074361
-43.2,-9.353074359999994,-43.2,0
-40.5,-4.676537179999997,-43.2,0
-43.2,0,-37.800000000000004,0
-37.800000000000004,0,-40.5,-4.676537179999997
-43.2,-9.353074359999994,-40.5,-4.676537179999997
-40.5,-4.676537179999997,-37.800000000000004,-9.353074359999994
-2.700000000000003,-42.08883462,0,-37.412297439
0,-37.412297439,2.7,-42.08883462
-16.200000000000003,-37.412297439,-13.500000000000004,-32.73576026
-13.500000000000004,-32.73576026,-10.800000000000004,-37.412297439
40.5,-42.08883462,43.2,-37.412297439
45.900000000000006,-42.08883462,43.2,-37.412297439
43.2,-37.412297439,48.6,-37.412297439
-27.000000000000004,65.47152052,-24.300000000000004,70.1480577
-24.300000000000004,70.1480577,-21.6,65.47152052
-21.6,65.47152052,-27.000000000000004,65.47152052
-13.500000000000004,79.50113206,-10.800000000000004,74.82459487999999
-10.800000000000004,74.82459487999999,-16.200000000000003,74.82459487999999
56.7,70.1480577,54,74.82459487999999
62.1,70.1480577,56.7,70.1480577
56.7,70.1480577,59.400000000000006,74.82459487999999
75.6,56.118446160999994,70.2,56.118446160999994
83.7,42.08883462,83.7,32.73576026
81,37.41229744,83.7,42.08883462
81,37.41229744,83.7,32.73576026
83.7,32.73576026,78.30000000000001,32.73576026
78.30000000000001,32.73576026,81,37.41229744
70.2,-18.706148719999998,68.5,-23.3826859
68.5,-23.3826859,64.80000000000001,-18.706148719999998
64.80000000000001,-18.706148719999998,70.2,-18.706148719999998
72.9,-14.029611539999998,75.6,-9.353074359999994
78.30000000000001,-14.029611539999998,75.6,-9.353074359999994
37.8,84.17766924,35.1,79.50113206
35.1,79.50113206,32.4,84.17766924
0,84.17766924,-2.700000000000003,79.50113206
-27.000000000000004,-28.059223079999995,-21.6,-28.059223079999995
-35.1,-14.029611539999998,-32.400000000000006,-18.706148719999998
64.80000000000001,-28.059223079999995,62.1,-23.3826859
62.1,-23.3826859,68.5,-23.3826859
83.7,14.02961154,83.7,4.67653718
83.7,4.67653718,81,9.353074361
81,9.353074361,83.7,14.02961154
81,-9.353074359999994,75.6,-9.353074359999994
75.6,-9.353074359999994,78.30000000000001,-4.676537179999997
24.3,-42.08883462,29.7,-42.08883462
27,-46.7653718,21.6,-46.7653718
24.3,-42.08883462,27,-46.7653718
24.3,-42.08883462,21.6,-46.7653718
18.9,-42.08883462,24.3,-42.08883462
13.5,-42.08883462,18.9,-42.08883462
8.1,-42.08883462,13.5,-42.08883462
2.7,-42.08883462,8.1,-42.08883462
-2.700000000000003,-42.08883462,2.7,-42.08883462
27,-46.7653718,29.7,-42.08883462
32.4,-46.7653718,27,-46.7653718
21.6,-46.7653718,16.2,-46.7653718
16.2,-46.7653718,18.9,-42.08883462
18.9,-42.08883462,21.6,-46.7653718
-43.2,46.7653718,-37.800000000000004,46.7653718
-37.800000000000004,46.7653718,-40.5,42.08883462
-29.700000000000003,60.794983339999995,-32.400000000000006,56.118446160999994
70.2,56.118446160999994,67.5,60.794983339999995
72.9,60.794983339999995,70.2,56.118446160999994
78.30000000000001,51.441908979999994,72.9,51.441908979999994
72.9,51.441908979999994,75.6,56.118446160999994
72.9,60.794983339999995,67.5,60.794983339999995
-37.800000000000004,56.118446160999994,-35.1,51.441908979999994
-35.1,51.441908979999994,-40.5,51.441908979999994
32.4,-46.7653718,29.7,-42.08883462
29.7,-42.08883462,35.1,-42.08883462
16.2,-46.7653718,10.8,-46.7653718
10.8,-46.7653718,13.5,-42.08883462
13.5,-42.08883462,16.2,-46.7653718
-16.200000000000003,-37.412297439,-10.800000000000004,-37.412297439
-24.300000000000004,-32.73576026,-21.6,-28.059223079999995
-21.6,-28.059223079999995,-18.900000000000002,-32.73576026
56.7,-32.73576026,54,-37.412297439
54,-37.412297439,51.300000000000004,-32.73576026
51.300000000000004,-32.73576026,56.7,-32.73576026
51.300000000000004,79.50113206,48.6,74.82459487999999
48.6,74.82459487999999,45.900000000000006,79.50113206
51.300000000000004,79.50113206,45.900000000000006,79.50113206
-13.500000000000004,79.50113206,-16.200000000000003,74.82459487999999
-5.400000000000006,84.17766924,-2.700000000000003,79.50113206
-2.700000000000003,79.50113206,-8.100000000000001,79.50113206
-35.1,60.794983339999995,-32.400000000000006,56.118446160999994
-32.400000000000006,56.118446160999994,-37.800000000000004,56.118446160999994
-21.6,74.82459487999999,-17.900000000000002,70.1480577
-17.900000000000002,70.1480577,-24.300000000000004,70.1480577
70.2,65.47152052,67.5,60.794983339999995
67.5,60.794983339999995,64.80000000000001,65.47152052
70.2,65.47152052,64.80000000000001,65.47152052
-37.800000000000004,56.118446160999994,-40.5,51.441908979999994
-43.2,37.41229744,-43.2,46.7653718
-43.2,46.7653718,-40.5,42.08883462
-40.5,42.08883462,-43.2,37.41229744
78.30000000000001,51.441908979999994,81,46.7653718
81,46.7653718,75.6,46.7653718
75.6,46.7653718,78.30000000000001,51.441908979999994
45.900000000000006,-42.08883462,48.6,-37.412297439
37.8,-46.7653718,32.4,-46.7653718
32.4,-46.7653718,35.1,-42.08883462
-8.100000000000001,-42.08883462,-5.400000000000006,-37.412297439
-5.400000000000006,-37.412297439,-2.700000000000003,-42.08883462
-8.100000000000001,-42.08883462,-2.700000000000003,-42.08883462
59.400000000000006,74.82459487999999,54,74.82459487999999
-21.6,74.82459487999999,-24.300000000000004,70.1480577
37.8,-46.7653718,35.1,-42.08883462
35.1,-42.08883462,40.5,-42.08883462
10.8,-46.7653718,5.4,-46.7653718
5.4,-46.7653718,8.1,-42.08883462
8.1,-42.08883462,10.8,-46.7653718
43.2,84.17766924,40.5,79.50113206
40.5,79.50113206,37.8,84.17766924
-5.400000000000006,84.17766924,-8.100000000000001,79.50113206
-18.900000000000002,-32.73576026,-16.200000000000003,-37.412297439
-24.300000000000004,-32.73576026,-18.900000000000002,-32.73576026
-18.900000000000002,-32.73576026,-21.6,-37.412297439
-37.800000000000004,-18.706148719999998,-32.400000000000006,-18.706148719999998
62.1,-32.73576026,59.400000000000006,-28.059223079999995
59.400000000000006,-28.059223079999995,64.80000000000001,-28.059223079999995
51.300000000000004,-42.08883462,48.6,-37.412297439
48.6,-37.412297439,54,-37.412297439
62.1,-32.73576026,64.80000000000001,-28.059223079999995
-32.400000000000006,65.47152052,-29.700000000000003,60.794983339999995
-29.700000000000003,60.794983339999995,-35.1,60.794983339999995
-32.400000000000006,65.47152052,-35.1,60.794983339999995
68.5,70.1480577,64.80000000000001,65.47152052
64.80000000000001,65.47152052,62.1,70.1480577
83.7,51.441908979999994,83.7,42.08883462
81,46.7653718,83.7,51.441908979999994
81,46.7653718,83.7,42.08883462
83.7,42.08883462,78.30000000000001,42.08883462
78.30000000000001,42.08883462,81,46.7653718
13.5,88.85420642,18.9,88.85420642
16.2,84.17766924,18.9,88.85420642
21.6,84.17766924,16.2,84.17766924
27,84.17766924,21.6,84.17766924
32.4,84.17766924,27,84.17766924
37.8,84.17766924,32.4,84.17766924
43.2,84.17766924,37.8,84.17766924
13.5,88.85420642,16.2,84.17766924
16.2,84.17766924,10.8,84.17766924
13.5,88.85420642,10.8,84.17766924
8.1,88.85420642,13.5,88.85420642
10.8,84.17766924,5.4,84.17766924
8.1,88.85420642,10.8,84.17766924
-32.400000000000006,-18.706148719999998,-29.700000000000003,-23.3826859
-35.1,-23.3826859,-32.400000000000006,-18.706148719999998
-40.5,-14.029611539999998,-35.1,-14.029611539999998
-35.1,-14.029611539999998,-37.800000000000004,-18.706148719999998
81,-9.353074359999994,78.30000000000001,-4.676537179999997
64.80000000000001,-28.059223079999995,68.5,-23.3826859
18.9,88.85420642,24.3,88.85420642
24.3,88.85420642,21.6,84.17766924
21.6,84.17766924,18.9,88.85420642
8.1,88.85420642,5.4,84.17766924
2.7,88.85420642,8.1,88.85420642
-35.1,-23.3826859,-29.700000000000003,-23.3826859
75.6,-18.706148719999998,72.9,-14.029611539999998
72.9,-14.029611539999998,78.30000000000001,-14.029611539999998
-43.2,-18.706148719999998,-43.2,-9.353074359999994
-40.5,-14.029611539999998,-43.2,-9.353074359999994
-43.2,-9.353074359999994,-37.800000000000004,-9.353074359999994
-37.800000000000004,-9.353074359999994,-40.5,-14.029611539999998
83.7,-4.676537179999997,78.30000000000001,-4.676537179999997
78.30000000000001,-4.676537179999997,81,0
24.3,88.85420642,29.7,88.85420642
29.7,88.85420642,27,84.17766924
27,84.17766924,24.3,88.85420642
2.7,88.85420642,5.4,84.17766924
5.4,84.17766924,0,84.17766924
-32.400000000000006,-28.059223079999995,-29.700000000000003,-23.3826859
-29.700000000000003,-23.3826859,-27.000000000000004,-28.059223079999995
75.6,-18.706148719999998,72.9,-23.3826859
72.9,-23.3826859,70.2,-18.706148719999998
70.2,-18.706148719999998,75.6,-18.706148719999998
83.7,4.67653718,83.7,-4.676537179999997
83.7,-4.676537179999997,81,0
81,0,83.7,4.67653718
43.2,-46.7653718,37.8,-46.7653718
37.8,-46.7653718,40.5,-42.08883462
5.4,-46.7653718,0,-46.7653718
0,-46.7653718,2.7,-42.08883462
2.7,-42.08883462,5.4,-46.7653718
-32.400000000000006,65.47152052,-29.700000000000003,70.1480577
-29.700000000000003,70.1480577,-27.000000000000004,65.47152052
-27.000000000000004,65.47152052,-32.400000000000006,65.47152052
-18.900000000000002,79.50113206,-16.200000000000003,74.82459487999999
-16.200000000000003,74.82459487999999,-21.6,74.82459487999999
-8.100000000000001,-42.08883462,-13.500000000000004,-42.08883462
-13.500000000000004,-42.08883462,-10.800000000000004,-37.412297439
-10.800000000000004,-37.412297439,-8.100000000000001,-42.08883462
59.400000000000006,-37.412297439,56.7,-32.73576026
56.7,-32.73576026,62.1,-32.73576026
51.300000000000004,-42.08883462,54,-37.412297439
43.2,-46.7653718,40.5,-42.08883462
40.5,-42.08883462,45.900000000000006,-42.08883462
-10.800000000000004,84.17766924,-8.100000000000001,79.50113206
-8.100000000000001,79.50113206,-13.500000000000004,79.50113206
-18.900000000000002,79.50113206,-21.6,74.82459487999999
56.7,79.50113206,54,74.82459487999999
54,74.82459487999999,51.300000000000004,79.50113206
68.5,70.1480577,62.1,70.1480577
56.7,79.50113206,51.300000000000004,79.50113206
78.30000000000001,60.794983339999995,75.6,56.118446160999994
75.6,56.118446160999994,72.9,60.794983339999995
75.6,56.118446160999994,81,56.118446160999994
78.30000000000001,51.441908979999994,75.6,56.118446160999994
64.80000000000001,74.82459487999999,62.1,70.1480577
62.1,70.1480577,59.400000000000006,74.82459487999999
-2.700000000000003,88.85420642,2.7,88.85420642
2.7,88.85420642,0,84.17766924
-2.700000000000003,88.85420642,0,84.17766924
0,84.17766924,-5.400000000000006,84.17766924
29.7,88.85420642,35.1,88.85420642
35.1,88.85420642,32.4,84.17766924
32.4,84.17766924,29.7,88.85420642
48.6,84.17766924,45.900000000000006,79.50113206
45.900000000000006,79.50113206,43.2,84.17766924
-21.6,-37.412297439,-16.200000000000003,-37.412297439
-32.400000000000006,-28.059223079999995,-27.000000000000004,-28.059223079999995
59.400000000000006,-37.412297439,62.1,-32.73576026
-10.800000000000004,84.17766924,-13.500000000000004,79.50113206
48.6,84.17766924,43.2,84.17766924
70.2,-28.059223079999995,68.5,-23.3826859
68.5,-23.3826859,72.9,-23.3826859
-29.700000000000003,-32.73576026,-27.000000000000004,-28.059223079999995
-27.000000000000004,-28.059223079999995,-24.300000000000004,-32.73576026
48.6,-46.7653718,43.2,-46.7653718
43.2,-46.7653718,45.900000000000006,-42.08883462
0,-46.7653718,-5.400000000000006,-46.7653718
-5.400000000000006,-46.7653718,-2.700000000000003,-42.08883462
-2.700000000000003,-42.08883462,0,-46.7653718
-29.700000000000003,70.1480577,-27.000000000000004,74.82459487999999
-27.000000000000004,74.82459487999999,-24.300000000000004,70.1480577
-24.300000000000004,70.1480577,-29.700000000000003,70.1480577
64.80000000000001,74.82459487999999,59.400000000000006,74.82459487999999
-43.2,46.7653718,-43.2,56.118446160999994
-43.2,56.118446160999994,-40.5,51.441908979999994
-40.5,51.441908979999994,-43.2,46.7653718
-35.1,60.794983339999995,-37.800000000000004,56.118446160999994
78.30000000000001,60.794983339999995,72.9,60.794983339999995
72.9,60.794983339999995,70.2,65.47152052
75.6,65.47152052,72.9,60.794983339999995
-8.100000000000001,88.85420642,-2.700000000000003,88.85420642
-2.700000000000003,88.85420642,-5.400000000000006,84.17766924
35.1,88.85420642,40.5,88.85420642
40.5,88.85420642,37.8,84.17766924
37.8,84.17766924,35.1,88.85420642
-24.300000000000004,-32.73576026,-21.6,-37.412297439
-29.700000000000003,-32.73576026,-24.300000000000004,-32.73576026
-24.300000000000004,-32.73576026,-27.000000000000004,-37.412297439
56.7,-42.08883462,54,-37.412297439
54,-37.412297439,59.400000000000006,-37.412297439
67.5,-32.73576026,64.80000000000001,-28.059223079999995
64.80000000000001,-28.059223079999995,70.2,-28.059223079999995
67.5,-32.73576026,70.2,-28.059223079999995
-40.5,60.794983339999995,-37.800000000000004,56.118446160999994
-37.800000000000004,56.118446160999994,-43.2,56.118446160999994
75.6,65.47152052,70.2,65.47152052
83.7,51.441908979999994,78.30000000000001,51.441908979999994
78.30000000000001,51.441908979999994,81,56.118446160999994
72.9,70.1480577,70.2,65.47152052
70.2,65.47152052,68.5,70.1480577
81,56.118446160999994,78.30000000000001,60.794983339999995
-40.5,60.794983339999995,-37.800000000000004,65.47152052
-37.800000000000004,65.47152052,-35.1,60.794983339999995
-35.1,60.794983339999995,-40.5,60.794983339999995
-13.500000000000004,-42.08883462,-18.900000000000002,-42.08883462
-18.900000000000002,-42.08883462,-16.200000000000003,-37.412297439
-16.200000000000003,-37.412297439,-13.500000000000004,-42.08883462
56.7,-42.08883462,59.400000000000006,-37.412297439
48.6,-46.7653718,45.900000000000006,-42.08883462
45.900000000000006,-42.08883462,51.300000000000004,-42.08883462
62.1,79.50113206,59.400000000000006,74.82459487999999
59.400000000000006,74.82459487999999,56.7,79.50113206
54,84.17766924,51.300000000000004,79.50113206
51.300000000000004,79.50113206,48.6,84.17766924
54,84.17766924,48.6,84.17766924
-16.200000000000003,84.17766924,-13.500000000000004,79.50113206
-13.500000000000004,79.50113206,-18.900000000000002,79.50113206
-8.100000000000001,88.85420642,-5.400000000000006,84.17766924
-5.400000000000006,84.17766924,-10.800000000000004,84.17766924
-16.200000000000003,84.17766924,-18.900000000000002,79.50113206
-24.300000000000004,79.50113206,-21.6,74.82459487999999
-21.6,74.82459487999999,-27.000000000000004,74.82459487999999
-5.400000000000006,-46.7653718,-10.800000000000004,-46.7653718
-10.800000000000004,-46.7653718,-8.100000000000001,-42.08883462
-8.100000000000001,-42.08883462,-5.400000000000006,-46.7653718
54,-46.7653718,48.6,-46.7653718
48.6,-46.7653718,51.300000000000004,-42.08883462
-24.300000000000004,79.50113206,-27.000000000000004,74.82459487999999
62.1,79.50113206,56.7,79.50113206
72.9,70.1480577,68.5,70.1480577
-40.5,-23.3826859,-37.800000000000004,-18.706148719999998
-37.800000000000004,-18.706148719999998,-35.1,-23.3826859
-37.800000000000004,-18.706148719999998,-43.2,-18.706148719999998
-43.2,-18.706148719999998,-40.5,-14.029611539999998
-40.5,-14.029611539999998,-37.800000000000004,-18.706148719999998
-40.5,-23.3826859,-35.1,-23.3826859
78.30000000000001,-14.029611539999998,81,-18.706148719999998
75.6,-18.706148719999998,78.30000000000001,-14.029611539999998
70.2,-28.059223079999995,72.9,-23.3826859
83.7,-14.029611539999998,78.30000000000001,-14.029611539999998
78.30000000000001,-14.029611539999998,81,-9.353074359999994
83.7,-4.676537179999997,83.7,-14.029611539999998
83.7,-14.029611539999998,81,-9.353074359999994
81,-9.353074359999994,83.7,-4.676537179999997
70.2,74.82459487999999,68.5,70.1480577
68.5,70.1480577,64.80000000000001,74.82459487999999
83.7,60.794983339999995,78.30000000000001,60.794983339999995
-35.1,70.1480577,-32.400000000000006,65.47152052
-32.400000000000006,65.47152052,-37.800000000000004,65.47152052
-35.1,70.1480577,-37.800000000000004,65.47152052
40.5,88.85420642,45.900000000000006,88.85420642
45.900000000000006,88.85420642,43.2,84.17766924
43.2,84.17766924,40.5,88.85420642
59.400000000000006,84.17766924,56.7,79.50113206
56.7,79.50113206,54,84.17766924
-13.500000000000004,88.85420642,-8.100000000000001,88.85420642
-8.100000000000001,88.85420642,-10.800000000000004,84.17766924
-27.000000000000004,-37.412297439,-21.6,-37.412297439
-37.800000000000004,-28.059223079999995,-35.1,-23.3826859
-35.1,-23.3826859,-32.400000000000006,-28.059223079999995
64.80000000000001,-37.412297439,62.1,-32.73576026
62.1,-32.73576026,67.5,-32.73576026
64.80000000000001,-37.412297439,67.5,-32.73576026
-37.800000000000004,-28.059223079999995,-32.400000000000006,-28.059223079999995
81,-18.706148719999998,78.30000000000001,-23.3826859
78.30000000000001,-23.3826859,75.6,-18.706148719999998
75.6,-18.706148719999998,81,-18.706148719999998
75.6,-28.059223079999995,72.9,-23.3826859
72.9,-23.3826859,78.30000000000001,-23.3826859
-35.1,-32.73576026,-32.400000000000006,-28.059223079999995
-32.400000000000006,-28.059223079999995,-29.700000000000003,-32.73576026
-43.2,-28.059223079999995,-43.2,-18.706148719999998
-43.2,-18.706148719999998,-40.5,-23.3826859
70.2,74.82459487999999,64.80000000000001,74.82459487999999
81,65.47152052,78.30000000000001,60.794983339999995
78.30000000000001,60.794983339999995,75.6,65.47152052
-35.1,70.1480577,-32.400000000000006,74.82459487999999
-32.400000000000006,74.82459487999999,-29.700000000000003,70.1480577
-29.700000000000003,70.1480577,-35.1,70.1480577
-10.800000000000004,-46.7653718,-16.200000000000003,-46.7653718
-16.200000000000003,-46.7653718,-13.500000000000004,-42.08883462
-13.500000000000004,-42.08883462,-10.800000000000004,-46.7653718
-24.300000000000004,-42.08883462,-21.6,-37.412297439
-21.6,-37.412297439,-18.900000000000002,-42.08883462
-35.1,-32.73576026,-29.700000000000003,-32.73576026
62.1,-42.08883462,59.400000000000006,-37.412297439
59.400000000000006,-37.412297439,64.80000000000001,-37.412297439
59.400000000000006,-46.7653718,54,-46.7653718
56.7,-42.08883462,54,-46.7653718
54,-46.7653718,51.300000000000004,-42.08883462
51.300000000000004,-42.08883462,56.7,-42.08883462
59.400000000000006,84.17766924,54,84.17766924
67.5,79.50113206,64.80000000000001,74.82459487999999
64.80000000000001,74.82459487999999,62.1,79.50113206
-21.6,84.17766924,-18.900000000000002,79.50113206
-18.900000000000002,79.50113206,-24.300000000000004,79.50113206
-13.500000000000004,88.85420642,-10.800000000000004,84.17766924
-10.800000000000004,84.17766924,-16.200000000000003,84.17766924
-21.6,84.17766924,-24.300000000000004,79.50113206
-32.400000000000006,-37.412297439,-29.700000000000003,-32.73576026
-29.700000000000003,-32.73576026,-27.000000000000004,-37.412297439
75.6,-28.059223079999995,72.9,-32.73576026
72.9,-32.73576026,70.2,-28.059223079999995
70.2,-28.059223079999995,75.6,-28.059223079999995
-18.900000000000002,88.85420642,-13.500000000000004,88.85420642
-13.500000000000004,88.85420642,-16.200000000000003,84.17766924
45.900000000000006,88.85420642,51.300000000000004,88.85420642
51.300000000000004,88.85420642,48.6,84.17766924
48.6,84.17766924,45.900000000000006,88.85420642
62.1,-42.08883462,64.80000000000001,-37.412297439
-24.300000000000004,-42.08883462,-18.900000000000002,-42.08883462
81,65.47152052,75.6,65.47152052
81,56.118446160999994,83.7,60.794983339999995
83.7,60.794983339999995,83.7,51.441908979999994
83.7,51.441908979999994,81,56.118446160999994
-32.400000000000006,74.82459487999999,-29.700000000000003,79.50113206
-29.700000000000003,79.50113206,-27.000000000000004,74.82459487999999
-27.000000000000004,74.82459487999999,-32.400000000000006,74.82459487999999
-18.900000000000002,88.85420642,-16.200000000000003,84.17766924
-16.200000000000003,84.17766924,-21.6,84.17766924
67.5,79.50113206,62.1,79.50113206
78.30000000000001,70.1480577,75.6,65.47152052
75.6,65.47152052,72.9,70.1480577
78.30000000000001,70.1480577,72.9,70.1480577
-43.2,56.118446160999994,-43.2,65.47152052
-43.2,65.47152052,-40.5,60.794983339999995
-40.5,60.794983339999995,-43.2,56.118446160999994
-32.400000000000006,-37.412297439,-27.000000000000004,-37.412297439
70.2,-37.412297439,67.5,-32.73576026
67.5,-32.73576026,72.9,-32.73576026
-40.5,70.1480577,-37.800000000000004,65.47152052
-37.800000000000004,65.47152052,-43.2,65.47152052
75.6,74.82459487999999,72.9,70.1480577
72.9,70.1480577,70.2,74.82459487999999
83.7,70.1480577,83.7,60.794983339999995
83.7,60.794983339999995,81,65.47152052
75.6,-28.059223079999995,78.30000000000001,-23.3826859
70.2,-37.412297439,72.9,-32.73576026
83.7,-14.029611539999998,83.7,-23.3826859
83.7,-23.3826859,81,-18.706148719999998
81,-18.706148719999998,83.7,-14.029611539999998
-16.200000000000003,-46.7653718,-21.6,-46.7653718
-21.6,-46.7653718,-18.900000000000002,-42.08883462
-18.900000000000002,-42.08883462,-16.200000000000003,-46.7653718
-29.700000000000003,-42.08883462,-27.000000000000004,-37.412297439
-27.000000000000004,-37.412297439,-24.300000000000004,-42.08883462
64.80000000000001,-46.7653718,59.400000000000006,-46.7653718
62.1,-42.08883462,59.400000000000006,-46.7653718
59.400000000000006,-46.7653718,56.7,-42.08883462
56.7,-42.08883462,62.1,-42.08883462
64.80000000000001,84.17766924,62.1,79.50113206
62.1,79.50113206,59.400000000000006,84.17766924
51.300000000000004,88.85420642,56.7,88.85420642
56.7,88.85420642,54,84.17766924
54,84.17766924,51.300000000000004,88.85420642
-24.300000000000004,88.85420642,-18.900000000000002,88.85420642
-18.900000000000002,88.85420642,-21.6,84.17766924
-29.700000000000003,79.50113206,-27.000000000000004,84.17766924
-27.000000000000004,84.17766924,-24.300000000000004,79.50113206
-24.300000000000004,79.50113206,-29.700000000000003,79.50113206
64.80000000000001,84.17766924,59.400000000000006,84.17766924
75.6,74.82459487999999,70.2,74.82459487999999
72.9,79.50113206,70.2,74.82459487999999
70.2,74.82459487999999,67.5,79.50113206
-40.5,70.1480577,-37.800000000000004,74.82459487999999
-37.800000000000004,74.82459487999999,-35.1,70.1480577
-35.1,70.1480577,-40.5,70.1480577
81,-28.059223079999995,78.30000000000001,-23.3826859
78.30000000000001,-23.3826859,83.7,-23.3826859
67.5,-42.08883462,64.80000000000001,-37.412297439
64.80000000000001,-37.412297439,70.2,-37.412297439
-37.800000000000004,-28.059223079999995,-35.1,-32.73576026
-35.1,-32.73576026,-40.5,-32.73576026
-37.800000000000004,-28.059223079999995,-40.5,-32.73576026
-37.800000000000004,-28.059223079999995,-43.2,-28.059223079999995
-43.2,-28.059223079999995,-40.5,-23.3826859
-40.5,-23.3826859,-37.800000000000004,-28.059223079999995
-29.700000000000003,-42.08883462,-24.300000000000004,-42.08883462
67.5,-42.08883462,70.2,-37.412297439
-37.800000000000004,-37.412297439,-35.1,-32.73576026
-35.1,-32.73576026,-32.400000000000006,-37.412297439
81,-28.059223079999995,78.30000000000001,-32.73576026
78.30000000000001,-32.73576026,75.6,-28.059223079999995
75.6,-28.059223079999995,81,-28.059223079999995
-37.800000000000004,74.82459487999999,-35.1,79.50113206
-35.1,79.50113206,-32.400000000000006,74.82459487999999
-32.400000000000006,74.82459487999999,-37.800000000000004,74.82459487999999
72.9,79.50113206,67.5,79.50113206
75.6,-37.412297439,72.9,-32.73576026
72.9,-32.73576026,78.30000000000001,-32.73576026
-37.800000000000004,-37.412297439,-32.400000000000006,-37.412297439
56.7,88.85420642,62.1,88.85420642
62.1,88.85420642,59.400000000000006,84.17766924
59.400000000000006,84.17766924,56.7,88.85420642
70.2,84.17766924,67.5,79.50113206
67.5,79.50113206,64.80000000000001,84.17766924
-24.300000000000004,88.85420642,-21.6,84.17766924
-21.6,84.17766924,-27.000000000000004,84.17766924
-29.700000000000003,88.85420642,-24.300000000000004,88.85420642
-24.300000000000004,88.85420642,-27.000000000000004,84.17766924
-21.6,-46.7653718,-27.000000000000004,-46.7653718
-27.000000000000004,-46.7653718,-24.300000000000004,-42.08883462
-24.300000000000004,-42.08883462,-21.6,-46.7653718
-35.1,-42.08883462,-32.400000000000006,-37.412297439
-32.400000000000006,-37.412297439,-29.700000000000003,-42.08883462
70.2,-46.7653718,64.80000000000001,-46.7653718
67.5,-42.08883462,64.80000000000001,-46.7653718
64.80000000000001,-46.7653718,62.1,-42.08883462
62.1,-42.08883462,67.5,-42.08883462
81,74.82459487999999,78.30000000000001,70.1480577
78.30000000000001,70.1480577,75.6,74.82459487999999
78.30000000000001,70.1480577,83.7,70.1480577
83.7,70.1480577,81,65.47152052
81,65.47152052,78.30000000000001,70.1480577
-35.1,79.50113206,-32.400000000000006,84.17766924
-32.400000000000006,84.17766924,-29.700000000000003,79.50113206
-29.700000000000003,79.50113206,-35.1,79.50113206
70.2,84.17766924,64.80000000000001,84.17766924
81,74.82459487999999,75.6,74.82459487999999
-35.1,-42.08883462,-29.700000000000003,-42.08883462
-40.5,-32.73576026,-37.800000000000004,-37.412297439
-40.5,-32.73576026,-43.2,-37.412297439
-43.2,-37.412297439,-43.2,-28.059223079999995
-43.2,-28.059223079999995,-40.5,-32.73576026
72.9,-42.08883462,70.2,-37.412297439
70.2,-37.412297439,75.6,-37.412297439
72.9,-42.08883462,75.6,-37.412297439
78.30000000000001,79.50113206,75.6,74.82459487999999
75.6,74.82459487999999,72.9,79.50113206
-43.2,65.47152052,-43.2,74.82459487999999
-43.2,74.82459487999999,-40.5,70.1480577
-40.5,70.1480577,-43.2,65.47152052
83.7,-23.3826859,83.7,-32.73576026
83.7,-32.73576026,81,-28.059223079999995
81,-28.059223079999995,83.7,-23.3826859
75.6,-37.412297439,78.30000000000001,-32.73576026
-40.5,79.50113206,-37.800000000000004,74.82459487999999
-37.800000000000004,74.82459487999999,-43.2,74.82459487999999
78.30000000000001,79.50113206,72.9,79.50113206
83.7,79.50113206,83.7,70.1480577
83.7,70.1480577,81,74.82459487999999
75.6,84.17766924,72.9,79.50113206
72.9,79.50113206,70.2,84.17766924
-35.1,88.85420642,-29.700000000000003,88.85420642
-32.400000000000006,84.17766924,-29.700000000000003,88.85420642
-29.700000000000003,88.85420642,-27.000000000000004,84.17766924
-27.000000000000004,84.17766924,-32.400000000000006,84.17766924
62.1,88.85420642,67.5,88.85420642
67.5,88.85420642,64.80000000000001,84.17766924
64.80000000000001,84.17766924,62.1,88.85420642
75.6,-46.7653718,70.2,-46.7653718
72.9,-42.08883462,70.2,-46.7653718
70.2,-46.7653718,67.5,-42.08883462
67.5,-42.08883462,72.9,-42.08883462
-27.000000000000004,-46.7653718,-32.400000000000006,-46.7653718
-32.400000000000006,-46.7653718,-29.700000000000003,-42.08883462
-29.700000000000003,-42.08883462,-27.000000000000004,-46.7653718
-43.2,-37.412297439,-37.800000000000004,-37.412297439
81,-37.412297439,78.30000000000001,-32.73576026
78.30000000000001,-32.73576026,83.7,-32.73576026
-40.5,-42.08883462,-37.800000000000004,-37.412297439
-37.800000000000004,-37.412297439,-35.1,-42.08883462
75.6,84.17766924,70.2,84.17766924
-37.800000000000004,84.17766924,-35.1,79.50113206
-35.1,79.50113206,-40.5,79.50113206
-40.5,-42.08883462,-35.1,-42.08883462
81,-37.412297439,78.30000000000001,-42.08883462
78.30000000000001,-42.08883462,75.6,-37.412297439
75.6,-37.412297439,81,-37.412297439
-35.1,88.85420642,-32.400000000000006,84.17766924
-32.400000000000006,84.17766924,-37.800000000000004,84.17766924
67.5,88.85420642,72.9,88.85420642
72.9,88.85420642,70.2,84.17766924
70.2,84.17766924,67.5,88.85420642
75.6,-46.7653718,72.9,-42.08883462
72.9,-42.08883462,78.30000000000001,-42.08883462
-32.400000000000006,-46.7653718,-37.800000000000004,-46.7653718
-37.800000000000004,-46.7653718,-35.1,-42.08883462
-35.1,-42.08883462,-32.400000000000006,-46.7653718
81,84.17766924,78.30000000000001,79.50113206
78.30000000000001,79.50113206,75.6,84.17766924
78.30000000000001,79.50113206,83.7,79.50113206
83.7,79.50113206,81,74.82459487999999
81,74.82459487999999,78.30000000000001,79.50113206
-37.800000000000004,84.17766924,-40.5,79.50113206
-40.5,88.85420642,-35.1,88.85420642
-35.1,88.85420642,-37.800000000000004,84.17766924
-43.2,74.82459487999999,-43.2,84.17766924
-43.2,84.17766924,-40.5,79.50113206
-40.5,79.50113206,-43.2,74.82459487999999
81,84.17766924,75.6,84.17766924
83.7,-32.73576026,83.7,-42.08883462
83.7,-42.08883462,81,-37.412297439
81,-37.412297439,83.7,-32.73576026
81,-46.7653718,75.6,-46.7653718
75.6,-46.7653718,78.30000000000001,-42.08883462
-43.2,84.17766924,-40.5,88.85420642
-40.5,88.85420642,-37.800000000000004,84.17766924
-37.800000000000004,84.17766924,-43.2,84.17766924
72.9,88.85420642,78.30000000000001,88.85420642
78.30000000000001,88.85420642,75.6,84.17766924
75.6,84.17766924,72.9,88.85420642
83.7,88.85420642,83.7,79.50113206
83.7,79.50113206,81,84.17766924
83.7,-42.08883462,81,-46.7653718
81,-46.7653718,78.30000000000001,-42.08883462
78.30000000000001,-42.08883462,83.7,-42.08883462
-37.800000000000004,-46.7653718,-43.2,-46.7653718
-40.5,-42.08883462,-37.800000000000004,-46.7653718
-40.5,-42.08883462,-43.2,-46.7653718
-43.2,-46.7653718,-43.2,-37.412297439
-43.2,-37.412297439,-40.5,-42.08883462
78.30000000000001,88.85420642,83.7,88.85420642
83.7,88.85420642,81,84.17766924
81,84.17766924,78.30000000000001,88.85420642
